Tarih;Saat;EventID;Ev;Deplasman;Ilk_Gorulme_Zamani;Ilk_MS1;Ilk_MSX;Ilk_MS2;Ilk_KG_Var;Ilk_KG_Yok;Ilk_15_Alt;Ilk_15_Ust;Ilk_25_Alt;Ilk_25_Ust;Ilk_35_Alt;Ilk_35_Ust;Son_Gorulme_Zamani;Son_Durum
01.10.2026;00:00;3166542;Aguila;Inter Fa;2026-09-30 00:17:18;1.85;2.82;3.07;1.64;1.64;;;1.49;1.82;;;2026-10-01 00:43:22;BASLADI
01.10.2026;01:30;3225560;Cerro Porteno;Rubio Nu;2026-09-30 00:17:18;1.81;3.09;2.89;1.58;1.7;;;1.58;1.7;;;2026-10-01 01:22:25;LISTEDE_YOK
01.10.2026;02:00;3168701;Atletico Ottaw;Cavalry;2026-09-30 00:17:18;3.53;3.4;1.55;1.43;1.92;3.72;1.05;1.91;1.44;1.3;2.23;2026-10-01 01:58:41;LISTEDE_YOK
01.10.2026;02:00;3168708;Chattanooga Re;Spokane Velocit;2026-09-30 00:17:18;2.06;2.98;2.5;1.48;1.83;;;1.66;1.61;;;2026-10-01 01:58:41;LISTEDE_YOK
01.10.2026;02:00;3168716;Brooklyn;Detroit City;2026-09-30 00:17:18;3.08;3.02;1.77;1.58;1.69;2.87;1.15;1.57;1.71;1.14;2.91;2026-10-01 00:43:22;LISTEDE_YOK
01.10.2026;02:00;3168808;Miami Fc;Sporting Jax;2026-09-30 00:17:18;1.46;3.6;3.82;1.31;2.17;;;2.28;1.28;1.47;1.84;2026-10-01 01:58:41;LISTEDE_YOK
01.10.2026;02:00;3247637;Torque;Penarol;2026-09-30 00:17:18;2.52;2.93;2.07;1.62;1.65;;;1.5;1.8;;;2026-10-01 01:58:41;LISTEDE_YOK
01.10.2026;02:00;3273427;Concepcion;O Higgins;2026-09-30 08:22:39;2.12;2.89;2.48;1.58;1.71;;;1.53;1.76;;;2026-10-01 00:43:22;LISTEDE_YOK
01.10.2026;02:30;3168618;Rhode Island;Indy Eleven;2026-09-30 00:17:18;1.65;3.32;3.19;1.41;1.94;3.67;1.05;1.89;1.44;1.29;2.26;2026-10-01 02:37:00;BASLADI
01.10.2026;02:30;3261456;Dc United;Paderborn;2026-09-30 07:37:52;2.35;3.4;1.99;1.28;2.28;;;;;1.43;1.93;2026-10-01 06:00:49;BASLADI
01.10.2026;02:30;3267539;New York;St. Louis City;2026-09-30 00:17:18;2.95;3.64;1.78;1.26;2.59;5.78;1.0;2.58;1.27;1.59;1.82;2026-10-01 02:37:00;BASLADI
01.10.2026;03:00;3168684;Alianza;Platense;2026-09-30 00:17:18;1.53;3.22;3.83;1.62;1.65;;;1.62;1.65;;;2026-10-01 02:52:58;LISTEDE_YOK
01.10.2026;03:00;3170312;Tulsa Roughnec;New Mexico Unit;2026-09-30 00:17:18;1.75;3.09;3.04;1.44;1.88;3.38;1.08;1.76;1.52;1.23;2.45;2026-10-01 00:43:22;LISTEDE_YOK
01.10.2026;03:00;3261539;Arjantin;Bolivya;2026-09-30 00:17:18;1.0;9.19;17.5;2.15;1.32;6.11;1.0;2.99;1.13;1.77;1.52;2026-10-01 02:52:58;LISTEDE_YOK
01.10.2026;04:00;3170320;Atletico Nacio;Atletico Junior;2026-09-30 00:17:18;1.34;3.68;4.93;1.53;1.75;;;1.9;1.44;;;2026-10-01 03:47:21;LISTEDE_YOK
01.10.2026;05:00;3170297;Sacramento Rep;Las Vegas Light;2026-09-30 00:17:18;1.45;3.34;4.27;1.71;1.57;2.85;1.15;1.58;1.71;1.14;2.93;2026-10-01 05:02:15;BASLADI
01.10.2026;09:10;3241261;Panama;Yeni Zelanda;2026-09-30 00:17:18;2.06;2.79;2.64;1.68;1.59;2.49;1.22;1.43;1.93;1.08;3.45;2026-10-01 23:58:29;BASLADI
01.10.2026;12:30;3257976;Slovakia U19;İsviçre U19;2026-09-30 05:01:13;2.22;3.26;2.14;;;;;1.83;1.48;;;2026-10-01 23:58:29;BASLADI
01.10.2026;12:30;3281388;Polonya (U19);Kazakistan U19;2026-10-01 10:23:20;1.32;3.83;4.92;1.6;1.67;;;1.83;1.48;;;2026-10-01 23:58:29;BASLADI
01.10.2026;13:10;3241270;Japonya;Ekvador;2026-09-30 00:17:18;1.55;3.06;4.01;1.86;1.46;2.44;1.23;1.41;1.95;1.06;3.55;2026-10-01 23:58:29;BASLADI
01.10.2026;15:30;3170331;La Viena Fc;Nasr;2026-09-30 00:17:18;2.18;2.43;2.84;2.07;1.36;1.91;1.44;;;;;2026-10-01 23:58:29;BASLADI
01.10.2026;15:30;3170360;Pharco;Tersana;2026-09-30 00:17:18;1.88;2.56;3.35;2.14;1.32;1.9;1.44;;;;;2026-10-01 23:58:29;BASLADI
01.10.2026;15:30;3170417;El Saka El Had;El Harby;2026-09-30 00:17:18;2.42;2.47;2.48;1.9;1.44;2.07;1.36;1.32;2.15;;;2026-10-01 23:58:29;BASLADI
01.10.2026;15:30;3170426;El Mansura;Masar;2026-09-30 00:17:18;3.27;2.67;1.84;1.91;1.44;2.17;1.31;1.33;2.12;;;2026-10-01 23:58:29;BASLADI
01.10.2026;15:30;3260484;Endonezya;Bangladeş;2026-09-30 00:17:18;1.0;10.8;17.5;;;;;;;1.62;1.65;2026-10-01 23:58:29;BASLADI
01.10.2026;15:30;3260485;Malezya;Singapur;2026-09-30 00:17:18;1.17;4.41;7.11;1.74;1.55;;;1.91;1.44;;;2026-10-01 23:58:29;BASLADI
01.10.2026;16:15;3225562;Dubai United;Hatta Dubai;2026-09-30 09:46:27;1.46;3.49;3.96;;;;;;;;;2026-10-01 23:58:29;BASLADI
01.10.2026;16:15;3225581;Al Sharjah;Al Dhafra;2026-09-30 09:46:27;1.27;3.99;5.47;;;;;;;;;2026-10-01 23:58:29;BASLADI
01.10.2026;16:30;3273237;Hirvatistan (U;İtalya U19;2026-09-30 12:57:54;2.58;2.94;2.02;1.39;1.98;;;1.79;1.51;;;2026-10-01 23:58:29;BASLADI
01.10.2026;17:00;3273130;Faroe Adalari ;Slovenya U19;2026-09-30 12:57:54;13.7;6.3;1.0;;;;;;;;;2026-10-01 23:58:29;BASLADI
01.10.2026;17:00;3273678;Katar U19;İrlanda Cumhuri;2026-10-01 10:23:20;4.18;3.79;1.39;1.58;1.71;;;1.79;1.51;;;2026-10-01 23:58:29;BASLADI
01.10.2026;17:00;3277746;Özbekistan;Suriye;2026-09-30 09:46:27;1.19;4.02;7.63;2.16;1.31;;;1.52;1.77;;;2026-10-01 23:58:29;BASLADI
01.10.2026;18:00;3170333;Yunanistan (U2;Letonya (U21);2026-09-30 00:17:18;1.0;7.32;16.8;2.18;1.31;;;2.35;1.25;1.48;1.82;2026-10-01 23:58:29;BASLADI
01.10.2026;18:00;3234506;Gharrafa;Mesaimeer;2026-09-30 07:37:52;1.58;3.32;3.46;1.36;2.05;4.05;1.0;2.03;1.37;1.36;2.07;2026-10-01 23:58:29;BASLADI
01.10.2026;18:30;3273189;Stuttgart;Greuther Furth;2026-09-30 08:45:04;1.16;4.31;7.87;1.48;1.84;;;;;1.57;1.72;2026-10-01 23:58:29;BASLADI
01.10.2026;18:45;3225561;Banniyas;Al Wahda;2026-09-30 09:46:27;3.4;3.34;1.59;;;;;;;;;2026-10-01 23:58:29;BASLADI
01.10.2026;19:00;3170311;Azerbaycan;Lihtenştayn;2026-09-30 00:17:18;1.0;7.44;17.5;2.7;1.24;4.21;1.07;2.06;1.44;1.35;2.31;2026-10-01 23:58:29;BASLADI
01.10.2026;19:00;3170362;Makedonya (U21;Karadağ (U21);2026-09-30 00:17:18;2.13;2.91;2.44;1.54;1.74;2.87;1.15;1.57;1.72;1.14;2.91;2026-10-01 23:58:29;BASLADI
01.10.2026;19:00;3193540;Jerash;Al Ahli;2026-09-30 07:37:52;2.46;2.69;2.25;1.7;1.58;;;1.39;1.98;;;2026-10-01 23:58:29;BASLADI
01.10.2026;19:00;3193566;Al Yarmouk;Amman;2026-09-30 07:37:52;3.15;2.78;1.83;1.67;1.6;;;1.44;1.88;;;2026-10-01 23:58:29;BASLADI
01.10.2026;19:00;3193578;Ethad Ar;Sama Al Sarhan;2026-09-30 07:37:52;2.13;2.7;2.62;1.69;1.58;;;1.4;1.96;;;2026-10-01 23:58:29;BASLADI
01.10.2026;19:00;3204020;Madla;Viking;2026-09-30 08:45:04;12.1;6.65;1.0;;;;;;;;;2026-10-01 23:58:29;BASLADI
01.10.2026;19:00;3204062;Baerum;Lillestrom;2026-09-30 09:46:27;12.1;6.65;1.0;;;;;;;;;2026-10-01 23:58:29;BASLADI
01.10.2026;19:00;3208096;Gine;Kenya;2026-09-30 00:17:18;1.47;2.84;5.29;2.44;1.23;1.91;1.44;1.2;2.56;1.0;4.12;2026-10-01 23:58:29;BASLADI
01.10.2026;19:00;3215680;Asante Kotoko;Karela;2026-10-01 06:24:29;1.54;2.92;4.32;2.01;1.37;;;1.32;2.15;;;2026-10-01 23:58:29;BASLADI
01.10.2026;19:00;3273192;Abd (U20);Brezilya (U20);2026-10-01 13:55:57;3.26;3.44;1.6;1.34;2.09;;;;;1.37;2.02;2026-10-01 23:58:29;BASLADI
01.10.2026;19:00;3281495;Fas U23;Mali U23;2026-10-01 15:54:16;1.53;3.26;3.82;;;;;;;;;2026-10-01 23:58:29;BASLADI
01.10.2026;19:30;3170450;Ermenistan (U2;İtalya (U21);2026-09-30 05:01:13;16.75;9.71;1.0;;;;;3.46;1.07;1.97;1.4;2026-10-01 23:58:29;BASLADI
01.10.2026;19:45;3208032;Austria Wien (;Inter Milano (K;2026-09-30 00:17:18;3.64;3.36;1.54;1.59;1.68;3.04;1.12;1.65;1.62;1.17;2.73;2026-10-01 23:58:29;BASLADI
01.10.2026;19:45;3208064;Koge (K);Servette Chenoi;2026-09-30 00:17:18;1.14;4.75;7.44;1.72;1.55;3.89;1.0;2.0;1.38;1.32;2.14;2026-10-01 23:58:29;BASLADI
01.10.2026;20:00;3170363;Macaristan (U2;Litvanya (U21);2026-09-30 05:01:13;1.24;3.96;5.98;1.75;1.53;3.26;1.09;1.74;1.55;1.21;2.53;2026-10-01 23:58:29;BASLADI
01.10.2026;20:15;3234487;Al Shamal;Al Muaidar;2026-09-30 06:00:39;1.42;3.67;4.11;1.31;2.16;;;2.33;1.26;1.5;1.8;2026-10-01 23:58:29;BASLADI
01.10.2026;20:15;3234492;Qatar Sc;Al Bidda;2026-09-30 07:37:52;1.36;3.79;4.52;1.34;2.09;;;2.33;1.26;1.5;1.81;2026-10-01 23:58:29;BASLADI
01.10.2026;20:30;3257923;Ud Santa Marta;Salamanca;2026-10-01 10:23:20;3.03;2.73;1.9;1.68;1.59;;;1.43;1.92;;;2026-10-01 23:58:29;BASLADI
01.10.2026;21:15;3170383;San Marino (U2;İspanya (U21);2026-10-01 13:14:31;17.5;14.85;1.0;;;;;;;;;2026-10-01 23:58:29;BASLADI
01.10.2026;21:45;3170338;Almanya;Sirbistan;2026-09-30 00:17:18;1.1;6.0;9.63;1.66;1.73;5.72;1.0;2.61;1.26;1.59;1.83;2026-10-01 23:58:29;BASLADI
01.10.2026;21:45;3170366;İrlanda;Avusturya;2026-09-30 00:17:18;3.02;2.92;1.99;1.76;1.65;2.68;1.24;1.48;2.0;1.1;3.72;2026-10-01 23:58:29;BASLADI
01.10.2026;21:45;3170379;Galler;Norveç;2026-09-30 00:17:18;5.22;4.2;1.34;1.52;1.92;4.55;1.0;2.17;1.39;1.4;2.15;2026-10-01 23:58:29;BASLADI
01.10.2026;21:45;3170431;Danimarka;Portekiz;2026-09-30 00:17:18;3.02;3.27;1.86;1.47;2.01;3.79;1.09;1.88;1.55;1.28;2.53;2026-10-01 23:58:29;BASLADI
01.10.2026;21:45;3170434;Yunanistan;Hollanda;2026-09-30 00:17:18;2.82;3.16;1.98;1.41;2.14;4.07;1.08;1.96;1.5;1.32;2.37;2026-10-01 23:58:29;BASLADI
01.10.2026;21:45;3170436;Kuzey İrlanda ;Gürcistan (U21);2026-09-30 07:37:52;1.64;3.01;3.6;1.67;1.6;2.73;1.17;1.51;1.78;1.11;3.09;2026-10-01 23:58:29;BASLADI
01.10.2026;21:45;3170438;Malta;Cebelitarik;2026-09-30 00:17:18;1.15;4.76;10.75;2.55;1.28;2.93;1.2;1.58;1.83;1.14;3.33;2026-10-01 23:58:29;BASLADI
01.10.2026;21:45;3176341;Bastia;Orleans;2026-09-30 00:17:18;2.05;2.78;2.66;1.68;1.59;2.51;1.22;1.43;1.92;1.08;3.42;2026-10-01 23:58:29;BASLADI
01.10.2026;22:00;3170295;Ingiliz Virgin;Montserrat;2026-09-30 00:17:18;8.72;5.91;1.07;1.92;1.43;;;2.0;1.38;;;2026-10-01 23:58:29;BASLADI
01.10.2026;22:00;3208047;Man City (K);Real Madrid (K);2026-09-30 00:17:18;1.42;3.69;4.04;1.4;1.97;4.07;1.0;2.08;1.35;1.37;2.03;2026-10-01 23:58:29;BASLADI
01.10.2026;22:00;3208107;Psg (K);Oh Leuven (K);2026-09-30 00:17:18;1.0;6.22;11.6;1.79;1.51;;;2.44;1.23;1.52;1.77;2026-10-01 23:58:29;BASLADI
01.10.2026;23:00;3170388;Us Virgin Adal;Saint Martin;2026-09-30 00:17:18;6.26;4.69;1.17;1.57;1.71;;;;;1.39;1.99;2026-10-01 23:58:29;BASLADI
01.10.2026;23:00;3223871;Sporting Crist;Adt;2026-09-30 08:45:04;1.33;3.58;5.24;;;;;;;;;2026-10-01 23:58:29;BASLADI
01.10.2026;23:30;3170359;Envigado;Orsomarso;2026-09-30 00:17:18;1.49;3.04;4.53;1.95;1.41;;;1.37;2.02;;;2026-10-01 23:58:29;BASLADI
01.10.2026;23:30;3241268;Cumbaya;Santo Domingo;2026-10-01 10:23:20;1.67;2.76;3.83;1.95;1.41;;;1.3;2.19;;;2026-10-01 23:58:29;BASLADI
02.10.2026;00:00;3170304;Dominika;Guyana;2026-10-01 00:00:30;9.8;5.17;1.08;1.97;1.4;3.72;1.05;1.93;1.42;1.3;2.23;2026-10-01 23:58:32;LISTEDE_YOK
02.10.2026;00:30;3170355;Fuerte San Fra;Firpo;2026-10-01 00:00:30;4.94;3.44;1.37;1.79;1.51;;;1.56;1.72;;;2026-10-02 00:21:13;LISTEDE_YOK
02.10.2026;01:00;3170387;Curacao;Trinidad & Toba;2026-10-01 00:00:30;1.55;3.25;3.71;1.72;1.56;2.7;1.17;1.51;1.78;1.11;3.12;2026-10-02 00:58:45;LISTEDE_YOK
02.10.2026;01:00;3225580;Olimpia Asunci;Sportivo Luquen;2026-10-01 00:00:30;1.3;3.71;5.57;1.71;1.57;;;1.72;1.56;;;2026-10-02 00:58:45;LISTEDE_YOK
02.10.2026;02:30;3175362;Athletic Club;Sport Recife;2026-10-01 00:00:30;2.28;2.81;2.34;1.64;1.63;2.58;1.2;1.45;1.86;1.09;3.31;2026-10-02 02:14:37;LISTEDE_YOK
02.10.2026;03:00;3170378;Dominik Cumhur;Haiti;2026-10-01 00:00:30;2.66;3.27;1.85;1.35;2.08;3.89;1.0;1.98;1.39;1.32;2.14;2026-10-02 03:07:32;BASLADI
02.10.2026;03:00;3170433;Kayman;Porto Riko;2026-10-01 10:23:20;17.5;9.01;1.0;2.77;1.16;;;2.46;1.23;1.53;1.76;2026-10-02 02:49:39;LISTEDE_YOK
02.10.2026;03:00;3172879;Inca-Aruba;Municipal Limen;2026-10-01 00:00:30;3.45;2.88;1.71;1.63;1.65;;;1.51;1.78;;;2026-10-02 02:49:39;LISTEDE_YOK
02.10.2026;03:00;3176595;Novorizontino;Goias;2026-10-01 00:00:30;1.46;3.17;4.51;1.86;1.46;2.53;1.21;1.44;1.89;1.08;3.39;2026-10-02 02:49:39;LISTEDE_YOK
02.10.2026;03:15;3243452;Platense;Estudiantes Lp;2026-10-01 00:00:30;3.33;2.59;2.04;2.1;1.43;2.1;1.43;1.26;2.59;1.0;5.39;2026-10-02 03:07:32;LISTEDE_YOK
02.10.2026;04:00;3215669;Inter Bogota;Once Caldas;2026-10-01 00:00:30;2.45;2.69;2.26;1.56;1.72;;;1.51;1.79;;;2026-10-02 05:20:17;BASLADI
02.10.2026;04:00;3283155;Inter Bogota;Once Caldas;2026-10-01 23:21:40;2.51;2.7;2.2;1.52;1.77;;;1.56;1.72;;;2026-10-02 05:20:17;BASLADI
02.10.2026;04:30;3173112;Seattle;Kansas;2026-10-01 00:00:30;1.37;4.37;4.66;1.32;2.36;6.27;1.0;2.78;1.23;1.68;1.72;2026-10-02 04:41:22;BASLADI
02.10.2026;05:00;3170441;Nikaragua;Kosta Rika;2026-10-01 10:23:20;5.12;3.79;1.31;1.68;1.59;3.25;1.09;1.73;1.55;1.21;2.54;2026-10-02 04:58:26;LISTEDE_YOK
02.10.2026;12:00;3260492;Vietnam;Pakistan;2026-10-01 13:14:32;1.0;7.81;17.5;2.36;1.25;;;;;1.65;1.62;2026-10-02 23:50:35;BASLADI
02.10.2026;12:00;3260494;Tayland;Filipinler;2026-10-01 10:45:07;1.27;3.93;5.56;1.67;1.6;;;1.79;1.51;;;2026-10-02 23:50:35;BASLADI
02.10.2026;12:30;3281576;Lugano;Verona;2026-10-01 15:28:29;2.34;3.13;2.1;1.41;1.94;3.43;1.08;1.79;1.51;1.23;2.41;2026-10-02 23:50:35;BASLADI
02.10.2026;13:00;3172806;Mio Biwako Shi;Roasso Kumamoto;2026-10-01 13:14:32;2.47;2.99;2.07;1.5;1.8;;;1.64;1.63;;;2026-10-02 23:50:35;BASLADI
02.10.2026;13:00;3173058;Daejeon Korail;Gangneung City;2026-10-01 10:45:07;1.67;2.98;3.46;1.62;1.65;;;1.54;1.74;;;2026-10-02 23:50:35;BASLADI
02.10.2026;13:00;3273586;Galler U19;Norveç (U19);2026-10-01 13:14:32;3.67;3.4;1.52;1.31;2.17;;;;;1.44;1.89;2026-10-02 23:50:35;BASLADI
02.10.2026;13:00;3277829;Nürnberg;Ingolstadt;2026-10-01 16:41:42;1.58;3.3;3.48;1.46;1.86;;;1.82;1.49;;;2026-10-02 23:50:35;BASLADI
02.10.2026;14:00;3221768;Güney Kore;Venezuela;2026-10-01 10:45:07;1.52;3.14;4.02;1.83;1.48;2.51;1.22;1.44;1.9;1.08;3.43;2026-10-02 23:50:35;BASLADI
02.10.2026;14:00;3281592;Augsburg;Hertha Berlin;2026-10-01 17:00:19;1.58;3.66;3.17;1.23;2.45;;;2.56;1.2;1.59;1.68;2026-10-02 23:50:35;BASLADI
02.10.2026;14:35;3283495;Çin;Filistin;2026-10-02 10:14:39;2.22;2.96;2.29;1.65;1.62;2.57;1.2;1.46;1.86;1.09;3.32;2026-10-02 23:50:35;BASLADI
02.10.2026;15:00;3173158;Fleetwood Town;Sheffield Wedne;2026-10-01 15:28:29;1.82;3.6;2.52;1.17;2.7;;;;;1.67;1.6;2026-10-02 23:50:35;BASLADI
02.10.2026;15:30;3170371;Derot;Ismaily;2026-10-01 00:00:30;4.19;2.83;1.58;2.0;1.38;2.19;1.3;;;;;2026-10-02 23:50:35;BASLADI
02.10.2026;15:30;3172803;El Daklyeh;Maleyet Kafr El;2026-10-01 13:14:32;3.15;2.39;2.06;2.11;1.34;1.87;1.45;;;;;2026-10-02 23:50:35;BASLADI
02.10.2026;15:30;3172826;Baladiyyat;Team;2026-10-01 13:14:32;1.91;2.45;3.45;2.13;1.33;1.9;1.44;;;;;2026-10-02 23:50:35;BASLADI
02.10.2026;15:30;3172876;Tanta;Haras El Hodood;2026-10-01 10:45:07;3.19;2.33;2.08;2.09;1.34;1.87;1.45;;;;;2026-10-02 23:50:35;BASLADI
02.10.2026;15:30;3173031;Proxy;Telecom Egypt;2026-10-01 10:45:07;2.92;2.35;2.2;2.03;1.37;1.93;1.42;;;;;2026-10-02 23:50:35;BASLADI
02.10.2026;15:30;3173084;Kahraba Ismail;Mega Sport;2026-10-01 13:14:32;1.25;3.55;6.91;2.07;1.35;;;1.48;1.83;;;2026-10-02 23:50:35;BASLADI
02.10.2026;16:15;3225564;Al Wasl;Al Ittihad Kalb;2026-10-01 13:55:58;1.14;4.74;7.41;;;;;;;;;2026-10-02 23:50:35;BASLADI
02.10.2026;16:15;3225566;Al Ain;Ajman;2026-10-01 13:55:58;1.14;4.62;7.92;;;;;;;;;2026-10-02 23:50:35;BASLADI
02.10.2026;16:30;3273195;Arnavutluk U19;Litvanya (U19);2026-10-01 13:14:32;2.0;3.04;2.53;1.49;1.82;;;1.66;1.61;;;2026-10-02 23:50:35;BASLADI
02.10.2026;16:30;3273670;Belçika (U19);Kuzey İrlanda U;2026-10-01 13:14:32;1.15;4.75;7.04;1.6;1.67;;;;;1.41;1.96;2026-10-02 23:50:35;BASLADI
02.10.2026;17:00;3172999;Kazakistan;Moldova;2026-10-01 00:00:30;1.56;3.26;4.38;1.81;1.6;2.87;1.21;1.55;1.87;1.13;3.4;2026-10-02 23:50:35;BASLADI
02.10.2026;17:00;3261583;Minija;Kauno Zalgiris ;2026-10-01 10:45:07;1.09;4.93;9.19;1.67;1.6;;;;;1.45;1.87;2026-10-02 23:50:35;BASLADI
02.10.2026;17:00;3268855;Teleghma;Magra;2026-10-01 10:45:07;1.97;2.63;2.99;1.96;1.41;2.07;1.36;;;;;2026-10-02 23:50:35;BASLADI
02.10.2026;17:00;3268858;Us Chaouia;As Khroub;2026-10-01 10:45:07;1.31;3.18;6.79;2.15;1.32;;;1.38;2.0;;;2026-10-02 23:50:35;BASLADI
02.10.2026;17:00;3268866;Ca Batna;Msp Batna;2026-10-01 10:45:07;1.36;3.22;5.78;2.12;1.33;;;1.37;2.03;;;2026-10-02 23:50:35;BASLADI
02.10.2026;17:00;3268868;Mo Bejaia;Irb Nezla;2026-10-02 12:22:02;1.57;2.83;4.35;2.01;1.37;2.19;1.3;1.32;2.14;;;2026-10-02 23:50:35;BASLADI
02.10.2026;17:00;3268869;Usm Annaba;Paradou;2026-10-01 10:45:07;1.74;2.84;3.37;1.87;1.45;;;1.34;2.11;;;2026-10-02 23:50:35;BASLADI
02.10.2026;17:00;3268874;Mo Constantine;B. Thour;2026-10-01 10:45:07;1.47;2.95;4.94;2.1;1.34;;;1.31;2.18;;;2026-10-02 23:50:35;BASLADI
02.10.2026;17:00;3273444;İngiltere (U19;Abd U19;2026-10-01 13:14:32;1.36;4.02;4.24;1.35;2.08;;;;;1.48;1.83;2026-10-02 23:50:35;BASLADI
02.10.2026;17:00;3281157;Gürcistan (U19;Letonya U19;2026-10-01 14:19:09;2.3;2.98;2.21;1.5;1.81;;;1.64;1.63;;;2026-10-02 23:50:35;BASLADI
02.10.2026;17:30;3277925;Volna Pinsk;Lida;2026-10-02 12:42:58;2.36;3.33;2.0;1.2;2.56;;;;;1.57;1.71;2026-10-02 23:50:35;BASLADI
02.10.2026;18:00;3170105;Tammeka Tartu;Viimsi Mrjk;2026-10-01 16:41:42;1.44;4.06;4.26;;;;;;;;;2026-10-02 23:50:35;BASLADI
02.10.2026;18:45;3225565;Khorfakkan Clu;Al Jazira;2026-10-01 15:28:29;3.47;3.47;1.55;;;;;;;;;2026-10-02 23:50:35;BASLADI
02.10.2026;18:45;3225577;Al Ahli Dubai;Al Nasr;2026-10-01 15:28:29;1.35;4.05;4.25;;;;;;;;;2026-10-02 23:50:35;BASLADI
02.10.2026;19:00;3172802;Letonya;Karadağ;2026-10-01 00:00:30;3.96;3.13;1.65;1.86;1.56;2.65;1.25;1.47;2.0;1.09;3.78;2026-10-02 23:50:35;BASLADI
02.10.2026;19:00;3172837;Avusturya (U21;Danimarka (U21);2026-10-01 10:45:07;2.29;2.98;2.21;1.45;1.87;3.2;1.1;1.7;1.58;1.2;2.58;2026-10-02 23:50:35;BASLADI
02.10.2026;19:00;3172957;Ukrayna (U21);Hirvatistan (U2;2026-10-01 10:45:07;2.83;2.98;1.88;1.51;1.79;3.04;1.12;1.63;1.64;1.16;2.73;2026-10-02 23:50:35;BASLADI
02.10.2026;19:00;3173048;Hinna;Staal Jorpeland;2026-10-01 20:12:22;1.58;3.89;3.03;1.14;2.9;;;;;1.88;1.44;2026-10-02 23:50:35;BASLADI
02.10.2026;19:00;3173055;G. Kıbrıs Rum ;Ermenistan;2026-10-01 00:00:30;2.05;3.03;2.78;1.69;1.71;2.84;1.22;1.54;1.9;1.13;3.47;2026-10-02 23:50:35;BASLADI
02.10.2026;19:00;3173174;Slovenya (U21);Hollanda (U21);2026-10-01 10:45:07;6.97;4.54;1.16;1.7;1.58;3.83;1.0;1.97;1.4;1.31;2.17;2026-10-02 23:50:35;BASLADI
02.10.2026;19:00;3193533;Hay Al-Amir Ha;Al Hashemeya;2026-10-01 13:36:21;1.67;3.03;3.39;1.68;1.59;;;1.5;1.8;;;2026-10-02 23:50:35;BASLADI
02.10.2026;19:00;3193565;Al Sareeh;Maan;2026-10-01 13:14:32;1.99;2.78;2.78;1.62;1.65;;;1.48;1.83;;;2026-10-02 23:50:35;BASLADI
02.10.2026;19:00;3221766;Dukla Prag;Jablonec;2026-10-01 13:36:21;3.53;3.33;1.57;1.81;1.49;;;1.44;1.88;;;2026-10-02 23:50:35;BASLADI
02.10.2026;19:00;3245833;Fus Rabat;Amal Tiznit;2026-10-01 13:36:21;1.49;3.04;4.56;1.93;1.42;2.39;1.24;1.38;2.0;1.05;3.65;2026-10-02 23:50:35;BASLADI
02.10.2026;19:00;3273751;Sirbistan (U21;Rusya (U21);2026-10-01 10:45:07;2.58;3.01;1.99;1.57;1.72;;;1.57;1.72;;;2026-10-02 23:50:35;BASLADI
02.10.2026;19:30;3172828;Molde 2;Herd;2026-10-01 20:12:22;2.12;3.85;2.04;1.08;3.39;;;;;;;2026-10-02 23:50:35;BASLADI
02.10.2026;19:30;3176644;Garliava;Fk Dainava;2026-10-01 13:36:21;2.39;2.97;2.14;1.43;1.92;;;1.74;1.54;;;2026-10-02 23:50:35;BASLADI
02.10.2026;19:30;3179656;Bayer Leverkus;Werder Bremen (;2026-10-01 10:45:07;1.57;3.39;3.48;1.39;1.99;;;1.97;1.4;;;2026-10-02 23:50:35;BASLADI
02.10.2026;20:00;3172695;Lilla Torg;Nosaby If;2026-10-01 13:36:21;2.21;3.28;2.14;1.26;2.32;;;;;1.43;1.91;2026-10-02 23:50:35;BASLADI
02.10.2026;20:00;3172729;Smedby Ais;Nykobing Fa;2026-10-01 13:36:21;2.52;3.26;1.93;1.27;2.31;;;;;1.44;1.9;2026-10-02 23:50:35;BASLADI
02.10.2026;20:00;3172737;Hestrafor;Onsala;2026-10-01 10:45:07;2.05;3.49;2.22;;;;;;;;;2026-10-02 23:50:35;BASLADI
02.10.2026;20:00;3172820;Nastved;Nykobing;2026-10-01 10:45:07;2.38;3.19;2.04;1.37;2.02;3.66;1.05;1.88;1.44;1.28;2.27;2026-10-02 23:50:35;BASLADI
02.10.2026;20:00;3172859;Torslanda Ik;Kongahalla;2026-10-01 13:36:21;1.51;3.68;3.45;1.25;2.35;;;;;1.56;1.72;2026-10-02 23:50:35;BASLADI
02.10.2026;20:00;3172910;Stuttgarter Ki;Offenbach;2026-10-01 20:54:16;1.92;3.09;2.65;;;;;;;;;2026-10-02 23:50:35;BASLADI
02.10.2026;20:00;3172953;Lindome Gif;Galtabacks;2026-10-01 13:36:21;1.51;3.82;3.34;1.21;2.52;;;;;1.66;1.61;2026-10-02 23:50:35;BASLADI
02.10.2026;20:00;3173009;Vsk Arhus;Brabrand;2026-10-01 10:45:07;1.55;3.25;3.69;1.57;1.72;3.12;1.11;1.67;1.6;1.18;2.65;2026-10-02 23:50:35;BASLADI
02.10.2026;20:00;3173040;Staffanstorp U;Sölvesborgs Goi;2026-10-01 13:36:21;2.13;3.3;2.23;1.28;2.27;;;;;1.4;1.96;2026-10-02 23:50:35;BASLADI
02.10.2026;20:00;3173105;Fremad Amager;B93 Kopenhag;2026-10-01 10:45:07;2.49;3.02;2.04;1.37;2.03;3.62;1.06;1.86;1.46;1.28;2.28;2026-10-02 23:50:35;BASLADI
02.10.2026;20:00;3173145;Unterhaching;Schweinfurt;2026-10-02 17:45:46;1.33;3.89;4.68;;;;;2.07;1.36;;;2026-10-02 23:50:35;BASLADI
02.10.2026;20:00;3173165;Buchbach;Eltersdorf;2026-10-02 17:45:46;1.18;4.73;6.01;;;;;2.28;1.28;;;2026-10-02 23:50:35;BASLADI
02.10.2026;20:00;3173168;Ranheim;Egersunds;2026-10-01 10:45:07;1.81;3.45;2.63;1.18;2.64;;;2.63;1.19;1.64;1.64;2026-10-02 23:50:35;BASLADI
02.10.2026;20:00;3173222;Kungsangen;Sunnersta Aif;2026-10-01 10:45:07;4.38;3.88;1.36;1.34;2.09;;;;;1.49;1.81;2026-10-02 23:50:35;BASLADI
02.10.2026;20:00;3179610;Real Aviles;Lugo;2026-10-01 10:45:07;2.14;2.83;2.49;1.54;1.74;2.86;1.15;1.56;1.72;1.14;2.92;2026-10-02 23:50:35;BASLADI
02.10.2026;20:00;3183091;Rosenborg 2;Melhus;2026-10-01 20:12:22;2.04;3.71;2.16;1.12;3.0;;;;;1.85;1.47;2026-10-02 23:50:35;BASLADI
02.10.2026;20:00;3193555;Aqaba;Al Sahl Horan;2026-10-01 18:52:15;3.81;3.24;1.53;;;;;;;;;2026-10-02 23:50:35;BASLADI
02.10.2026;20:00;3268873;D.La Coruna;Porto;2026-10-01 18:52:15;2.92;3.2;1.76;1.44;1.9;3.45;1.08;1.8;1.5;1.24;2.4;2026-10-02 23:50:35;BASLADI
02.10.2026;20:00;3277893;Stade Lavalloi;Rennes;2026-10-01 18:52:15;4.78;3.82;1.33;1.47;1.85;;;2.03;1.37;;;2026-10-02 23:50:35;BASLADI
02.10.2026;20:00;3277916;Real Sociedad;Athletic Bilbao;2026-10-01 23:58:32;1.94;3.09;2.61;1.45;1.87;3.26;1.09;1.72;1.56;1.21;2.54;2026-10-02 23:50:35;BASLADI
02.10.2026;20:30;3173090;Qviding;Landvetter Is;2026-10-01 10:45:07;2.41;3.42;1.94;;;;;;;;;2026-10-02 23:50:35;BASLADI
02.10.2026;20:30;3173221;Andorra (U21);Moldova (U21);2026-10-01 13:36:21;2.27;2.77;2.38;1.71;1.58;2.44;1.23;1.4;1.96;1.06;3.56;2026-10-02 23:50:35;BASLADI
02.10.2026;20:30;3175450;Monchengladbac;Bochum Ii;2026-10-01 21:43:12;1.45;3.64;3.88;1.36;2.07;;;;;1.41;1.94;2026-10-02 23:50:35;BASLADI
02.10.2026;20:30;3277636;Ferro Carril O;Union (K);2026-10-01 13:36:21;1.21;4.02;6.98;1.86;1.46;;;1.71;1.58;;;2026-10-02 23:50:35;BASLADI
02.10.2026;20:30;3277717;Racing Club (K;Belgrano (K);2026-10-01 13:36:21;1.68;2.84;3.64;1.86;1.46;;;1.36;2.06;;;2026-10-02 23:50:35;BASLADI
02.10.2026;21:00;3172852;Farsta;Fittja;2026-10-01 13:36:21;1.3;4.02;4.8;1.31;2.18;;;;;1.6;1.68;2026-10-02 23:50:35;BASLADI
02.10.2026;21:00;3228196;Stjarnan (K);Grindavik/Njaro;2026-10-01 13:36:21;1.8;3.5;2.61;1.2;2.56;;;;;1.59;1.68;2026-10-02 23:50:35;BASLADI
02.10.2026;21:00;3228202;Víkingur Reykj;Thor / Ka (K);2026-10-01 13:36:21;1.72;3.46;2.84;1.26;2.33;;;;;1.48;1.83;2026-10-02 23:50:35;BASLADI
02.10.2026;21:00;3228217;Fram (K);Valur (K);2026-10-01 13:36:21;2.65;3.37;1.82;1.27;2.29;;;;;1.44;1.89;2026-10-02 23:50:35;BASLADI
02.10.2026;21:00;3245775;Widad Temara;Uts Rabat;2026-10-01 13:36:21;2.21;2.36;2.89;1.83;1.48;2.15;1.32;1.28;2.28;1.0;4.09;2026-10-02 23:50:35;BASLADI
02.10.2026;21:00;3277543;San Lorenzo (K;Huracan (K);2026-10-01 13:36:21;1.19;3.9;7.92;2.14;1.32;;;1.53;1.76;;;2026-10-02 23:50:35;BASLADI
02.10.2026;21:30;3172771;Llanelli Town;Baglan Dragons;2026-10-01 10:45:07;3.3;3.38;1.6;1.43;1.91;;;1.87;1.45;;;2026-10-02 23:50:35;BASLADI
02.10.2026;21:30;3172775;Carmarthen;Llantwit Major;2026-10-01 10:45:07;1.23;4.35;5.66;1.44;1.89;;;;;1.48;1.83;2026-10-02 23:50:35;BASLADI
02.10.2026;21:30;3180644;Eldense;Oviedo;2026-10-01 10:45:07;2.42;2.86;2.41;1.82;1.59;2.49;1.3;1.41;2.14;1.07;4.14;2026-10-02 23:50:35;BASLADI
02.10.2026;21:30;3281331;Sevilla;Aston Villa;2026-10-01 17:00:19;2.65;3.12;1.91;1.37;2.05;3.74;1.05;1.9;1.44;1.3;2.22;2026-10-02 23:50:35;BASLADI
02.10.2026;21:45;3172689;Polonya;Romanya;2026-10-01 00:00:30;1.39;3.79;5.13;1.68;1.72;3.59;1.11;1.82;1.59;1.25;2.66;2026-10-02 23:50:35;BASLADI
02.10.2026;21:45;3172762;Wexford Youths;Longford;2026-10-01 10:45:07;1.65;3.19;3.27;1.45;1.86;3.42;1.08;1.79;1.51;1.23;2.42;2026-10-02 23:50:35;BASLADI
02.10.2026;21:45;3172807;Caerau Ely;Afan Lido;2026-10-01 10:45:07;1.37;3.82;4.31;1.39;1.99;;;;;1.41;1.94;2026-10-02 23:50:35;BASLADI
02.10.2026;21:45;3172814;Treaty Unt.;Ucd;2026-10-01 13:36:21;2.53;3.21;1.94;1.36;2.07;3.81;1.0;1.93;1.42;1.3;2.19;2026-10-02 23:50:35;BASLADI
02.10.2026;21:45;3172878;Macaristan;Gürcistan;2026-10-01 00:00:30;1.91;2.98;3.13;1.72;1.68;2.81;1.22;1.52;1.92;1.12;3.51;2026-10-02 23:50:35;BASLADI
02.10.2026;21:45;3172880;Bosna Hersek;İsveç;2026-10-01 00:00:30;2.6;3.17;2.1;1.44;2.07;3.82;1.09;1.88;1.55;1.29;2.51;2026-10-02 23:50:35;BASLADI
02.10.2026;21:45;3172887;İngiltere (U21;Slovakya (U21);2026-10-01 10:45:07;1.0;6.07;10.1;1.71;1.58;;;2.47;1.23;1.53;1.75;2026-10-02 23:50:35;BASLADI
02.10.2026;21:45;3172923;Athlone;Cork City;2026-10-01 10:45:07;2.9;3.19;1.77;1.32;2.14;4.1;1.0;2.04;1.37;1.37;2.05;2026-10-02 23:50:35;BASLADI
02.10.2026;21:45;3172939;Ukrayna;Kuzey İrlanda;2026-10-01 00:00:30;1.72;3.05;3.76;1.94;1.51;2.46;1.3;1.41;2.14;1.07;4.18;2026-10-02 23:50:35;BASLADI
02.10.2026;21:45;3172974;Finn Harps;Kerry;2026-10-01 10:45:07;3.12;3.18;1.7;1.49;1.81;3.24;1.09;1.72;1.57;1.2;2.56;2026-10-02 23:50:35;BASLADI
02.10.2026;21:45;3172993;Belçika;Türkiye;2026-10-01 00:00:30;1.33;4.37;5.04;1.41;2.14;5.5;1.0;2.51;1.29;1.56;1.87;2026-10-02 23:50:35;BASLADI
02.10.2026;21:45;3173016;Fransa;İtalya;2026-10-01 00:00:30;1.28;4.54;5.82;1.48;2.0;5.29;1.0;2.44;1.3;1.52;1.93;2026-10-02 23:50:35;BASLADI
02.10.2026;21:45;3173041;Faroe Adalari;Slovakya;2026-10-01 00:00:30;5.36;3.39;1.44;2.16;1.4;2.47;1.3;1.41;2.14;1.07;4.18;2026-10-02 23:50:35;BASLADI
02.10.2026;21:45;3173047;Denbigh Town;Holyhead;2026-10-01 16:41:42;1.57;3.56;3.31;1.33;2.12;;;;;1.4;1.96;2026-10-02 23:50:35;BASLADI
02.10.2026;21:45;3173235;Bray Wanderers;Cobh Ramblers;2026-10-01 13:36:21;1.47;3.55;3.85;1.39;1.99;4.07;1.0;2.05;1.37;1.36;2.06;2026-10-02 23:50:35;BASLADI
02.10.2026;21:45;3176702;Strabane Athle;Armagh;2026-10-01 13:36:21;1.56;3.41;3.49;1.44;1.89;3.63;1.06;1.87;1.45;1.28;2.28;2026-10-02 23:50:35;BASLADI
02.10.2026;21:45;3195704;Dundalk;Bohemian;2026-10-01 10:45:07;2.94;3.18;1.76;1.33;2.11;4.01;1.0;2.0;1.38;1.35;2.08;2026-10-02 23:50:35;BASLADI
02.10.2026;22:00;3172815;St. Lucia;Guadeloupe;2026-10-01 13:36:21;2.42;3.38;1.95;1.32;2.14;4.02;1.0;2.04;1.37;1.35;2.08;2026-10-02 23:50:35;BASLADI
02.10.2026;22:00;3173073;Helmond Sport;Heracles;2026-10-01 10:45:07;5.56;4.39;1.23;1.44;1.89;4.66;1.0;2.31;1.27;1.47;1.85;2026-10-02 23:50:35;BASLADI
02.10.2026;22:00;3250329;Encarnacion;Resistencia;2026-10-01 20:12:22;2.05;2.85;2.61;1.62;1.65;;;1.49;1.81;;;2026-10-02 23:50:35;BASLADI
02.10.2026;22:15;3179923;Real Madrid Ii;Atl Madrid Ii;2026-10-01 10:45:07;1.46;3.51;3.97;1.42;1.93;3.92;1.0;1.99;1.39;1.33;2.13;2026-10-02 23:50:35;BASLADI
02.10.2026;23:00;3179550;Real Unión De ;Cd Laguna;2026-10-01 21:43:12;1.49;3.4;3.91;1.51;1.79;;;1.79;1.51;;;2026-10-02 23:50:35;BASLADI
02.10.2026;23:00;3179965;Puertos Las Pa;Arucas U18;2026-10-02 14:59:09;1.0;6.04;10.6;;;;;;;;;2026-10-02 23:50:35;BASLADI
02.10.2026;23:00;3245755;Ittihad Tanger;Moghreb Tetouan;2026-10-01 10:45:07;1.86;2.66;3.21;1.88;1.44;2.19;1.3;1.3;2.2;1.0;3.83;2026-10-02 23:50:35;BASLADI
02.10.2026;23:30;3172679;San Antonio;Cuniburo Fc;2026-10-01 21:43:12;3.33;2.84;1.75;1.77;1.52;;;1.39;1.98;;;2026-10-02 23:50:35;BASLADI
02.10.2026;23:30;3241281;Deportivo Cuen;Independiente J;2026-10-01 21:43:12;2.2;2.69;2.53;1.77;1.52;;;1.35;2.08;;;2026-10-02 23:50:35;BASLADI
03.10.2026;00:00;3173094;St. Kitts And ;Küba;2026-10-02 00:21:17;3.57;3.1;1.61;1.58;1.69;2.98;1.13;1.61;1.66;1.16;2.78;2026-10-02 23:50:37;LISTEDE_YOK
03.10.2026;00:30;3175595;Cambaceres;V.Arenas;2026-10-02 14:59:13;2.54;2.45;2.37;2.21;1.3;1.78;1.51;;;;;2026-10-03 03:56:55;BASLADI
03.10.2026;00:30;3250292;Sportivo Carap;Depor Capiata;2026-10-02 00:21:17;2.03;2.91;2.59;1.63;1.65;;;1.49;1.81;;;2026-10-03 00:27:49;LISTEDE_YOK
03.10.2026;01:00;3172770;Surinam;Guatemala;2026-10-02 00:21:17;1.86;3.01;2.83;1.5;1.8;3.12;1.11;1.66;1.61;1.18;2.66;2026-10-03 01:01:26;BASLADI
03.10.2026;01:00;3176316;Ferro Carril O;Deportivo Madry;2026-10-02 00:21:17;1.77;2.68;3.53;2.1;1.34;1.98;1.39;;;;;2026-10-03 01:01:26;BASLADI
03.10.2026;01:00;3176579;Atletico Fc;Real Cundinamar;2026-10-02 00:21:17;3.46;2.96;1.68;1.69;1.58;;;1.48;1.83;;;2026-10-03 01:01:26;BASLADI
03.10.2026;01:15;3180648;Independiente;Instituto Cordo;2026-10-02 00:21:17;2.18;2.72;2.84;1.93;1.51;2.3;1.35;1.34;2.33;1.0;4.65;2026-10-03 01:42:04;BASLADI
03.10.2026;01:30;3175813;Sao Bernardo;Regatas;2026-10-02 00:21:17;2.07;2.91;2.53;1.5;1.8;3.03;1.12;1.62;1.65;1.16;2.75;2026-10-03 01:42:04;BASLADI
03.10.2026;02:00;3172941;Santos Laguna ;Puebla (K);2026-10-02 00:21:17;1.19;4.65;6.1;1.4;1.96;;;;;1.58;1.69;2026-10-03 01:57:53;LISTEDE_YOK
03.10.2026;02:00;3225572;Univ De Concep;Huachipato;2026-10-02 00:21:17;1.8;3.03;2.95;1.45;1.86;;;1.72;1.55;;;2026-10-03 01:57:53;LISTEDE_YOK
03.10.2026;02:00;3241248;Sao Paulo;Santos;2026-10-02 00:21:17;1.87;3.03;3.2;1.67;1.72;2.95;1.19;1.58;1.85;1.15;3.3;2026-10-03 01:57:53;LISTEDE_YOK
03.10.2026;02:30;3175603;Londrina;Criciuma;2026-10-02 00:21:17;2.71;2.78;2.02;1.72;1.56;2.42;1.23;1.4;1.98;1.06;3.59;2026-10-03 02:17:10;LISTEDE_YOK
03.10.2026;02:45;3175887;Juventude;Operario;2026-10-02 00:21:17;1.57;2.93;4.13;1.92;1.43;2.33;1.26;1.36;2.05;1.0;3.79;2026-10-03 03:08:09;BASLADI
03.10.2026;03:00;3172779;Barbados;Bermuda;2026-10-02 00:21:17;1.67;3.32;3.09;1.38;2.0;3.8;1.0;1.94;1.41;1.3;2.19;2026-10-03 03:08:09;BASLADI
03.10.2026;03:00;3172867;Bonaire;Grenada;2026-10-02 00:21:17;3.96;3.24;1.51;1.68;1.59;2.84;1.15;1.57;1.72;1.13;2.95;2026-10-03 03:08:09;BASLADI
03.10.2026;03:00;3173052;Martinik;Honduras;2026-10-02 00:21:17;3.79;3.1;1.58;1.65;1.61;2.82;1.16;1.55;1.73;1.13;2.98;2026-10-03 03:08:09;BASLADI
03.10.2026;03:00;3279932;Kolombiya;Paraguay;2026-10-02 00:21:17;1.51;3.12;4.2;1.8;1.5;2.57;1.2;1.46;1.86;1.09;3.32;2026-10-03 03:08:09;BASLADI
03.10.2026;03:30;3180622;Rivadavia;Gimnasia La Pla;2026-10-02 00:21:17;1.68;3.09;3.89;1.77;1.64;2.84;1.22;1.53;1.9;1.13;3.46;2026-10-03 03:08:09;LISTEDE_YOK
03.10.2026;03:30;3180684;Boca Juniors;Union Santa Fe;2026-10-02 00:21:17;1.41;3.5;5.45;1.93;1.52;2.89;1.21;1.56;1.86;1.14;3.39;2026-10-03 03:08:09;LISTEDE_YOK
03.10.2026;03:35;3175033;Fortaleza Ce ;Nautico;2026-10-02 00:21:17;1.58;3.04;3.81;1.67;1.6;2.77;1.16;1.52;1.76;1.12;3.04;2026-10-03 03:36:17;BASLADI
03.10.2026;03:45;3176151;Deportivo Cali;Alianza Petrole;2026-10-02 00:21:17;1.35;3.44;5.22;1.86;1.45;;;1.51;1.78;;;2026-10-03 04:18:42;BASLADI
03.10.2026;04:00;3175550;Tepatitlan De ;Jaiba Brava;2026-10-02 00:21:17;3.38;3.49;1.56;1.44;1.89;;;1.88;1.44;;;2026-10-03 03:56:55;LISTEDE_YOK
03.10.2026;04:00;3176574;Correcaminos U;Cruz Azul Hidal;2026-10-02 00:21:17;1.46;3.61;3.85;1.35;2.08;;;;;1.42;1.93;2026-10-03 03:56:55;LISTEDE_YOK
03.10.2026;04:00;3177046;Pumas Unam (K);Tigres Uanl (K);2026-10-02 00:21:17;3.69;3.61;1.48;1.3;2.2;;;;;1.48;1.83;2026-10-03 03:56:55;LISTEDE_YOK
03.10.2026;04:00;3250299;Wellington Oly;Ferrymead Bays;2026-10-02 18:49:43;1.44;3.76;3.8;1.26;2.34;;;;;1.58;1.69;2026-10-03 04:53:26;BASLADI
03.10.2026;04:00;3250313;Miramar;Auckland Ii;2026-10-02 10:14:41;1.32;4.18;4.39;1.29;2.26;;;;;1.63;1.65;2026-10-03 04:53:26;BASLADI
03.10.2026;04:00;3252005;Rancho Santana;Managua;2026-10-02 00:21:17;5.49;3.97;1.27;1.55;1.73;;;1.99;1.39;;;2026-10-03 03:56:55;LISTEDE_YOK
03.10.2026;05:00;3172893;El Salvador;Jamaika;2026-10-02 00:21:17;3.08;2.88;1.81;1.65;1.63;2.67;1.18;1.49;1.82;1.1;3.18;2026-10-03 04:53:26;PREMATCH
03.10.2026;05:00;3180022;Marquense;Antigua Guatema;2026-10-02 00:21:17;2.0;2.64;2.91;1.6;1.67;;;1.47;1.84;;;2026-10-03 04:53:26;PREMATCH
03.10.2026;06:00;3175227;Ca La Paz;Venados Fc;2026-10-02 00:21:17;1.38;3.96;4.03;1.24;2.4;;;;;1.67;1.6;2026-10-03 04:53:26;PREMATCH
03.10.2026;06:10;3175778;Monterrey (K);América (K);2026-10-02 10:14:41;2.77;3.49;1.74;1.29;2.24;;;;;1.43;1.92;2026-10-03 04:53:26;PREMATCH
03.10.2026;07:00;3176176;Vonds Ichihara;Grulla Morioka;2026-10-02 10:14:41;1.77;2.98;3.09;1.61;1.66;;;1.54;1.74;;;2026-10-03 04:53:26;PREMATCH
03.10.2026;07:00;3176229;Yokogawa Musas;Azul Claro Numa;2026-10-02 10:14:41;3.22;2.96;1.74;1.67;1.6;;;1.49;1.82;;;2026-10-03 04:53:26;PREMATCH
03.10.2026;07:00;3281415;Perth Glory;Adelaide United;2026-10-02 00:21:17;1.67;3.4;3.03;1.42;1.93;3.6;1.06;1.87;1.45;1.27;2.3;2026-10-03 04:53:26;PREMATCH
03.10.2026;08:00;3175179;Fc Gifu;Renofa Yamaguch;2026-10-02 00:21:17;1.99;3.02;2.57;1.44;1.9;;;1.74;1.54;;;2026-10-03 04:53:26;PREMATCH
03.10.2026;08:00;3175309;Pocheon;Chuncheon Citiz;2026-10-02 00:21:17;1.43;3.47;4.25;1.59;1.68;;;1.72;1.57;;;2026-10-03 04:53:26;PREMATCH
03.10.2026;08:00;3175352;Fujieda;Shonan;2026-10-02 00:21:17;2.51;2.83;2.13;1.59;1.68;2.71;1.17;1.51;1.79;1.11;3.11;2026-10-03 04:53:26;PREMATCH
03.10.2026;08:00;3175592;Niigata;Tokushima;2026-10-02 00:21:17;2.25;2.7;2.45;1.68;1.59;2.48;1.23;1.41;1.94;1.07;3.48;2026-10-03 04:53:26;PREMATCH
03.10.2026;08:00;3175843;Yeoju Sejong;Jeonbuk Motors ;2026-10-02 00:21:17;1.57;3.2;3.67;1.53;1.75;;;1.7;1.58;;;2026-10-03 04:53:26;PREMATCH
03.10.2026;08:00;3176267;Changwon City;Yangpyeong;2026-10-02 00:21:17;1.73;2.98;3.22;1.59;1.68;;;1.56;1.72;;;2026-10-03 04:53:26;PREMATCH
03.10.2026;08:00;3176415;Parceiro Nagan;Nara Club;2026-10-02 00:21:17;2.49;3.08;2.02;1.46;1.86;;;1.7;1.58;;;2026-10-03 04:53:26;PREMATCH
03.10.2026;08:00;3176842;Matsumoto Yama;Gainare Tottori;2026-10-02 00:21:17;1.56;3.26;3.66;1.51;1.78;;;1.74;1.55;;;2026-10-03 04:53:26;PREMATCH
03.10.2026;08:00;3226165;Sanfrecce Hiro;Parceiro Nagano;2026-10-02 20:29:47;1.23;4.03;6.22;1.65;1.62;;;1.88;1.44;;;2026-10-03 04:53:26;PREMATCH
03.10.2026;08:00;3226182;Urawa Red (K);Ntv Beleza (K);2026-10-02 18:49:43;2.03;3.19;2.41;1.34;2.09;;;1.95;1.41;;;2026-10-03 04:53:26;PREMATCH
03.10.2026;08:00;3226194;Mynavi Sendai ;Inac Kobe Leone;2026-10-02 18:49:43;2.24;3.19;2.15;1.34;2.1;;;1.95;1.41;;;2026-10-03 04:53:26;PREMATCH
03.10.2026;09:00;3175485;Ehime Fc;Kusatsu Gunma;2026-10-02 00:21:17;1.35;3.75;4.66;1.5;1.8;;;1.96;1.4;;;2026-10-03 04:53:26;PREMATCH
03.10.2026;09:00;3281607;Çin U23;Özbekistan U23;2026-10-02 00:21:17;3.5;2.98;1.66;;;;;;;;;2026-10-03 04:53:26;PREMATCH
03.10.2026;10:00;3175781;Kofu;Kataller Toyama;2026-10-02 00:21:17;3.62;3.28;1.56;1.49;1.82;3.42;1.08;1.79;1.51;1.23;2.42;2026-10-03 04:53:26;PREMATCH
03.10.2026;10:00;3175966;Machida Zelvia;Kyoto Sanga;2026-10-02 17:22:42;1.37;3.7;4.41;;;;;;;;;2026-10-03 04:53:26;PREMATCH
03.10.2026;11:00;3175045;Ulsan Citizen;Siheung Citizen;2026-10-02 00:21:17;4.11;3.24;1.5;1.62;1.65;;;1.63;1.65;;;2026-10-03 04:53:26;PREMATCH
03.10.2026;11:00;3175094;Gira Kitakyush;Kochi United;2026-10-02 00:21:17;2.01;2.88;2.65;1.63;1.65;;;1.48;1.82;;;2026-10-03 04:53:26;PREMATCH
03.10.2026;11:00;3175664;Tochigi City;Fc Imabari;2026-10-02 00:21:17;1.68;3.27;3.1;1.35;2.08;4.0;1.0;2.01;1.37;1.35;2.08;2026-10-03 04:53:26;PREMATCH
03.10.2026;11:00;3175942;Oita Trinita;Yamagata;2026-10-02 00:21:17;2.31;2.8;2.32;1.61;1.66;2.65;1.18;1.48;1.83;1.1;3.2;2026-10-03 04:53:26;PREMATCH
03.10.2026;11:00;3176285;Sagamihara;Osaka;2026-10-02 00:21:17;2.33;2.94;2.21;1.5;1.8;;;1.63;1.65;;;2026-10-03 04:53:26;PREMATCH
03.10.2026;11:00;3176603;Ryukyu;Zweigen Kanazaw;2026-10-02 00:21:17;2.57;3.05;1.98;1.41;1.94;;;1.79;1.51;;;2026-10-03 04:53:26;PREMATCH
03.10.2026;12:00;3175077;Paksi Fc Ii;Szekszard;2026-10-02 20:29:47;1.28;4.25;4.86;1.33;2.12;;;;;1.58;1.7;2026-10-03 04:53:26;PREMATCH
03.10.2026;12:00;3175894;Honda Fc;Honda Lock;2026-10-02 14:59:13;1.57;2.96;4.08;1.53;1.76;;;1.68;1.59;;;2026-10-03 04:53:26;PREMATCH
03.10.2026;12:00;3176443;Egri;Disgyor Ii;2026-10-02 20:29:47;2.16;3.36;2.16;1.3;2.2;;;;;1.37;2.02;2026-10-03 04:53:26;PREMATCH
03.10.2026;12:00;3176552;Ujpest Ii;Bss Monor;2026-10-02 16:57:13;1.96;3.41;2.38;1.25;2.36;;;;;1.47;1.85;2026-10-03 04:53:26;PREMATCH
03.10.2026;12:00;3176922;Veertien Kuwan;Verspah Oita;2026-10-02 14:59:13;2.3;2.82;2.31;1.56;1.72;;;1.54;1.75;;;2026-10-03 04:53:26;PREMATCH
03.10.2026;12:00;3179497;Vasas Ii;Bkv Elore;2026-10-02 23:10:21;1.09;5.53;8.49;;;;;;;;;2026-10-03 04:53:26;PREMATCH
03.10.2026;12:00;3180452;Real Betis U19;Sevilla U19;2026-10-02 14:59:13;1.45;3.48;4.07;;;;;;;;;2026-10-03 04:53:26;PREMATCH
03.10.2026;12:00;3281470;Fransa (U20);İtalya (U20);2026-10-02 16:57:13;1.72;3.27;2.97;1.45;1.87;3.4;1.08;1.79;1.51;1.23;2.43;2026-10-03 04:53:26;PREMATCH
03.10.2026;12:30;3175554;Viljandi Tulev;Tallinna Kalev ;2026-10-02 14:59:13;1.51;4.17;3.14;;;;;;;;;2026-10-03 04:53:26;PREMATCH
03.10.2026;13:00;3175132;Kashiwa;Gamba Osaka;2026-10-02 17:22:42;1.26;4.63;4.68;;;;;;;;;2026-10-03 04:53:26;PREMATCH
03.10.2026;13:00;3179370;Eibar U18;Santutxu U19;2026-10-02 20:29:47;1.45;3.58;3.96;1.45;1.87;;;1.94;1.42;;;2026-10-03 04:53:26;PREMATCH
03.10.2026;13:00;3179416;Cordoba U19;Atlético Melill;2026-10-02 20:29:47;1.3;3.99;4.93;;;;;;;;;2026-10-03 04:53:26;PREMATCH
03.10.2026;13:00;3179858;Alcorcon U19;Toledo U19;2026-10-02 20:29:47;1.16;4.52;6.92;;;;;;;;;2026-10-03 04:53:26;PREMATCH
03.10.2026;13:00;3180647;Espanyol (K);Deportivo Alave;2026-10-02 14:59:13;2.33;2.73;2.35;1.6;1.67;;;1.48;1.83;;;2026-10-03 04:53:26;PREMATCH
03.10.2026;13:00;3180678;Sevilla (K);Badalona (K);2026-10-02 14:41:53;2.55;2.96;2.03;1.47;1.84;;;1.67;1.6;;;2026-10-03 04:53:26;PREMATCH
03.10.2026;13:00;3261491;Veres Rivne;Kudrivka;2026-10-02 00:21:17;1.79;2.98;3.05;1.72;1.56;;;1.44;1.89;;;2026-10-03 04:53:26;PREMATCH
03.10.2026;13:30;3180049;Parma (K);Ternana (K);2026-10-02 14:41:53;1.72;2.96;3.31;1.7;1.58;;;1.47;1.85;;;2026-10-03 04:53:26;PREMATCH
03.10.2026;13:30;3268857;Mindil Aces;Darwin Olympic;2026-10-02 00:21:17;1.84;3.49;2.56;;;;;;;;;2026-10-03 04:53:26;PREMATCH
03.10.2026;13:30;3281483;Guney Kore U23;Japonya U23;2026-10-02 00:21:17;2.19;2.86;2.41;;;;;;;;;2026-10-03 04:53:26;PREMATCH
03.10.2026;14:00;3161467;Gornik Leczna ;Katowice (K);2026-10-02 16:57:13;2.04;3.11;2.43;1.35;2.09;;;1.93;1.42;;;2026-10-03 04:53:26;PREMATCH
03.10.2026;14:00;3162291;Lechia Gdansk ;Lech Poznan Uam;2026-10-02 16:14:20;1.71;3.19;3.11;1.37;2.02;;;1.93;1.42;;;2026-10-03 04:53:26;PREMATCH
03.10.2026;14:00;3175114;;Pte-Peac;2026-10-02 20:29:47;1.77;3.5;2.7;1.25;2.37;;;;;1.5;1.81;2026-10-03 04:53:26;PREMATCH
03.10.2026;14:00;3175117;Sf Grei;Asker;2026-10-02 16:37:26;14.45;8.84;1.0;1.43;1.92;;;;;;;2026-10-03 04:53:26;PREMATCH
03.10.2026;14:00;3175191;Stenungsund;Ifk Skövde;2026-10-02 00:21:17;2.99;3.4;1.68;;;;;;;;;2026-10-03 04:53:26;PREMATCH
03.10.2026;14:00;3175358;Pecs;Budafoki Mte;2026-10-02 17:45:48;1.45;3.63;3.85;1.4;1.97;;;2.06;1.36;;;2026-10-03 04:53:26;PREMATCH
03.10.2026;14:00;3175565;Umea Ff;Friska Viljor;2026-10-02 00:21:17;1.86;3.47;2.52;;;;;;;;;2026-10-03 04:53:26;PREMATCH
03.10.2026;14:00;3175739;Nkp Podhale;Rekord Bielsko ;2026-10-02 00:21:17;1.68;3.24;3.15;1.38;2.0;3.76;1.0;1.92;1.43;1.3;2.21;2026-10-03 04:53:26;PREMATCH
03.10.2026;14:00;3175787;Forward;Sleipner;2026-10-02 00:21:17;2.01;3.3;2.37;1.28;2.27;;;;;1.41;1.95;2026-10-03 04:53:26;PREMATCH
03.10.2026;14:00;3175816;Ishoj;Ringsted;2026-10-02 00:21:17;1.5;3.45;3.77;1.38;2.0;;;2.04;1.37;;;2026-10-03 04:53:26;PREMATCH
03.10.2026;14:00;3175833;Pitea (K);Norrköping (K);2026-10-02 00:21:17;2.15;2.98;2.36;;;;;;;;;2026-10-03 04:53:26;PREMATCH
03.10.2026;14:00;3176030;Växjö Norra;Karlshamn;2026-10-02 00:21:17;1.36;3.79;4.53;;;;;;;;;2026-10-03 04:53:26;PREMATCH
03.10.2026;14:00;3176045;Enskede;Falu Bs;2026-10-02 00:21:17;1.79;3.16;2.86;1.42;1.93;;;1.81;1.5;;;2026-10-03 04:53:26;PREMATCH
03.10.2026;14:00;3176066;Veszprem;Sárisápi Bányás;2026-10-02 21:04:08;1.78;3.44;2.7;1.32;2.15;;;;;1.37;2.02;2026-10-03 04:53:26;PREMATCH
03.10.2026;14:00;3176073;Kiraly Sze;Balatonalmadi;2026-10-02 21:04:08;1.37;3.95;4.19;1.36;2.07;;;;;1.46;1.86;2026-10-03 04:53:26;PREMATCH
03.10.2026;14:00;3176082;Erdi Vse;Kaposvar;2026-10-02 21:04:08;3.15;3.69;1.58;1.24;2.41;;;;;1.57;1.72;2026-10-03 04:53:26;PREMATCH
03.10.2026;14:00;3176088;Holbæk;Asa Aarhus;2026-10-02 00:21:17;1.36;3.75;4.57;1.33;2.12;;;;;1.51;1.79;2026-10-03 04:53:26;PREMATCH
03.10.2026;14:00;3176137;Husqvarna;Vanersborgs If;2026-10-02 00:21:17;1.0;5.85;10.55;;;;;;;;;2026-10-03 04:53:26;PREMATCH
03.10.2026;14:00;3176146;Nordstrand;Valerenga Ii;2026-10-02 23:50:37;2.13;3.79;2.05;1.07;3.53;;;;;;;2026-10-03 04:53:26;PREMATCH
03.10.2026;14:00;3176190;Resovia Rzeszo;Avia Swidnik;2026-10-02 00:21:17;2.3;2.98;2.21;1.44;1.88;3.24;1.09;1.71;1.57;1.2;2.56;2026-10-03 04:53:26;PREMATCH
03.10.2026;14:00;3176281;Eker Örebro;Ragsved;2026-10-02 00:21:17;3.23;3.92;1.52;;;;;;;;;2026-10-03 04:53:26;PREMATCH
03.10.2026;14:00;3176301;Böljan;Jonsereds If;2026-10-02 00:21:17;2.12;3.34;2.21;1.22;2.5;;;;;1.53;1.76;2026-10-03 04:53:26;PREMATCH
03.10.2026;14:00;3176490;Astorp;Dalstorps If;2026-10-02 00:21:17;2.14;3.25;2.23;1.27;2.31;;;;;1.43;1.92;2026-10-03 04:53:26;PREMATCH
03.10.2026;14:00;3176520;Kse Ivancsa;Sarbogard;2026-10-02 21:04:08;1.31;4.31;4.42;1.3;2.22;;;;;1.62;1.65;2026-10-03 04:53:26;PREMATCH
03.10.2026;14:00;3176563;Vittsjö (K);Eskilstuna Unit;2026-10-02 00:21:17;1.95;2.98;2.67;;;;;;;;;2026-10-03 04:53:26;PREMATCH
03.10.2026;14:00;3176626;Taby;Viggbyholms Ik;2026-10-02 00:21:17;1.37;3.79;4.37;1.36;2.06;;;;;1.45;1.86;2026-10-03 04:53:26;PREMATCH
03.10.2026;14:00;3176672;Tiszaujvaros;Mateszalka;2026-10-02 21:29:51;1.91;3.19;2.6;1.42;1.93;;;1.81;1.5;;;2026-10-03 04:53:26;PREMATCH
03.10.2026;14:00;3176744;Deac;Füzesabony;2026-10-02 21:29:51;1.22;4.18;6.11;1.59;1.68;;;2.0;1.38;;;2026-10-03 04:53:26;PREMATCH
03.10.2026;14:00;3176803;Komarom;Fc Tatabánya;2026-10-02 21:29:51;3.69;3.54;1.5;1.4;1.97;;;2.01;1.37;;;2026-10-03 04:53:26;PREMATCH
03.10.2026;14:00;3176844;Mosonmagyarova;Puskas Fc Ii;2026-10-02 16:57:13;1.63;3.34;3.23;1.42;1.93;;;1.88;1.44;;;2026-10-03 04:53:26;PREMATCH
03.10.2026;14:00;3176947;Konnerud;Heming;2026-10-02 22:11:22;5.18;4.8;1.22;;;;;;;;;2026-10-03 04:53:26;PREMATCH
03.10.2026;14:00;3176963;Frigg;Gamle Oslo;2026-10-02 16:57:13;2.37;3.87;1.85;1.05;3.71;;;;;;;2026-10-03 04:53:26;PREMATCH
03.10.2026;14:00;3177002;Dunaharaszti;Siofok;2026-10-02 21:29:51;2.53;3.34;1.89;1.32;2.14;;;2.04;1.37;;;2026-10-03 04:53:26;PREMATCH
03.10.2026;14:00;3177023;Volda;Orkla;2026-10-02 21:29:51;1.0;8.67;17.0;1.58;1.71;;;;;;;2026-10-03 04:53:26;PREMATCH
03.10.2026;14:00;3179595;Acodetti U18;Herbania U19;2026-10-02 20:29:47;2.15;3.12;2.29;;;;;;;;;2026-10-03 04:53:26;PREMATCH
03.10.2026;14:00;3179635;Panaderia Puli;Añaza;2026-10-02 20:29:47;1.51;3.26;4.0;1.55;1.73;;;1.72;1.56;;;2026-10-03 04:53:26;PREMATCH
03.10.2026;14:00;3180040;Sobradillo U19;35600 U19;2026-10-02 20:29:47;1.84;3.31;2.66;1.37;2.01;;;1.92;1.43;;;2026-10-03 04:53:26;PREMATCH
03.10.2026;14:00;3180208;Hercules;Real Jaen;2026-10-02 00:21:17;1.51;3.2;3.98;1.84;1.48;2.5;1.22;1.44;1.9;1.08;3.44;2026-10-03 04:53:26;PREMATCH
03.10.2026;14:00;3180236;;;2026-10-02 16:57:13;1.88;3.41;2.51;1.3;2.21;;;;;1.39;1.99;2026-10-03 04:53:26;PREMATCH
03.10.2026;14:30;3175276;Chesterfield;Tranmere;2026-10-02 00:21:17;1.46;3.49;3.97;1.49;1.81;3.56;1.06;1.85;1.47;1.26;2.32;2026-10-03 04:53:26;PREMATCH
03.10.2026;14:30;3175441;;Anderlecht (K);2026-10-02 08:22:03;2.84;3.08;1.83;1.5;1.8;;;1.67;1.6;;;2026-10-03 04:53:26;PREMATCH
03.10.2026;14:30;3257939;Brentwood Town;Dagenham & Red;2026-10-02 00:21:17;3.54;4.04;1.44;1.38;2.01;;;;;1.38;2.0;2026-10-03 04:53:26;PREMATCH
03.10.2026;15:00;3175017;Skeid;Honefoss;2026-10-02 15:26:55;3.08;3.6;1.61;1.21;2.55;;;2.63;1.19;1.64;1.64;2026-10-03 04:53:26;PREMATCH
03.10.2026;15:00;3175047;Skive;Hellerup Ik;2026-10-02 00:21:17;1.56;3.32;3.57;1.52;1.76;3.25;1.09;1.72;1.56;1.21;2.55;2026-10-03 04:53:26;PREMATCH
03.10.2026;15:00;3175061;Eintracht Trie;Astoria Walldor;2026-10-02 16:37:26;1.65;3.33;3.17;1.34;2.11;;;;;1.37;2.04;2026-10-03 04:53:26;PREMATCH
03.10.2026;15:00;3175090;Drochtersen / ;Jeddeloh;2026-10-02 16:37:26;1.23;4.52;5.22;1.27;2.29;;;;;1.78;1.51;2026-10-03 04:53:26;PREMATCH
03.10.2026;15:00;3175099;Gottne;Bodens;2026-10-02 00:21:17;1.49;3.53;3.73;;;;;;;;;2026-10-03 04:53:26;PREMATCH
03.10.2026;15:00;3175192;Weiche Flensbu;Vfb Oldenburg;2026-10-02 16:57:13;2.3;3.35;2.04;1.17;2.69;;;;;1.64;1.64;2026-10-03 04:53:26;PREMATCH
03.10.2026;15:00;3175206;Sundby;Vanlose;2026-10-02 00:21:17;2.63;3.16;1.9;1.32;2.14;;;2.0;1.38;;;2026-10-03 04:53:26;PREMATCH
03.10.2026;15:00;3175281;Bronshoj;Frem;2026-10-02 00:21:17;1.49;3.23;4.18;1.38;2.0;;;2.01;1.37;;;2026-10-03 04:53:26;PREMATCH
03.10.2026;15:00;3175313;Fk Union Carl ;Lokomotiv Oslo;2026-10-02 23:10:21;1.37;4.16;3.99;1.16;2.73;;;;;1.93;1.42;2026-10-03 04:53:26;PREMATCH
03.10.2026;15:00;3175318;Grorud Il;Lorenskog;2026-10-02 15:26:55;1.3;4.03;4.91;1.36;2.07;;;2.42;1.23;1.53;1.76;2026-10-03 04:53:26;PREMATCH
03.10.2026;15:00;3175523;Ullensaker Kis;Kjelsas;2026-10-02 15:26:55;6.48;4.77;1.16;1.3;2.22;;;3.13;1.11;1.86;1.45;2026-10-03 04:53:26;PREMATCH
03.10.2026;15:00;3175594;Taftea;Kubikenborgs If;2026-10-02 00:21:17;2.45;3.44;1.92;1.2;2.56;;;;;1.58;1.71;2026-10-03 04:53:26;PREMATCH
03.10.2026;15:00;3175663;Fürth Ii;Bayern Munich (;2026-10-02 16:37:26;2.4;3.34;1.98;1.25;2.35;;;;;1.46;1.86;2026-10-03 04:53:26;PREMATCH
03.10.2026;15:00;3175672;Lucksta;Ifk Ostersund;2026-10-02 00:21:17;2.73;3.54;1.74;1.2;2.57;;;;;1.61;1.66;2026-10-03 04:53:26;PREMATCH
03.10.2026;15:00;3175691;Skara;Ifk Kumla;2026-10-02 00:21:17;1.23;4.2;5.65;;;;;;;;;2026-10-03 04:53:26;PREMATCH
03.10.2026;15:00;3175695;Koninklijke Hf;Quick Boys;2026-10-02 00:21:17;5.44;4.12;1.25;1.45;1.87;;;;;1.44;1.91;2026-10-03 04:53:26;PREMATCH
03.10.2026;15:00;3175722;Akra;Mandalskamerate;2026-10-02 21:29:51;5.64;4.85;1.19;1.27;2.3;;;;;1.86;1.46;2026-10-03 04:53:26;PREMATCH
03.10.2026;15:00;3175783;Gneist;Djerv;2026-10-02 18:49:43;5.83;4.82;1.18;;;;;;;;;2026-10-03 04:53:26;PREMATCH
03.10.2026;15:00;3175883;Pors Grenland;Vidar;2026-10-02 15:26:55;1.33;3.92;4.63;1.3;2.19;;;2.52;1.21;1.58;1.69;2026-10-03 04:53:26;PREMATCH
03.10.2026;15:00;3176074;Horsholm-Usser;Helsingor;2026-10-02 00:21:17;3.4;3.26;1.61;1.29;2.25;;;;;1.45;1.87;2026-10-03 04:53:26;PREMATCH
03.10.2026;15:00;3176111;Homburg;Lehnerz;2026-10-02 16:37:26;1.28;4.12;5.04;1.36;2.06;;;;;1.53;1.75;2026-10-03 04:53:26;PREMATCH
03.10.2026;15:00;3176248;Fc Bocholt;Gutersloh;2026-10-02 16:37:26;2.49;3.19;1.97;1.23;2.45;;;;;1.5;1.8;2026-10-03 04:53:26;PREMATCH
03.10.2026;15:00;3176312;Middelfart;Fa 2000;2026-10-02 00:21:17;1.34;3.82;4.64;1.51;1.78;3.76;1.0;1.93;1.42;1.3;2.21;2026-10-03 04:53:26;PREMATCH
03.10.2026;15:00;3176606;Naesby;Holstebro;2026-10-02 00:21:17;1.53;3.41;3.6;1.29;2.25;;;;;1.48;1.83;2026-10-03 04:53:26;PREMATCH
03.10.2026;15:00;3176641;Rödinghausen;Sportfreunde Lo;2026-10-02 16:37:26;1.62;3.26;3.36;1.32;2.14;;;;;1.39;1.99;2026-10-03 04:53:26;PREMATCH
03.10.2026;15:00;3179461;Albacete;Eibar;2026-10-02 00:21:17;2.47;3.05;2.26;1.57;1.85;3.19;1.16;1.66;1.74;1.18;3.02;2026-10-03 04:53:26;PREMATCH
03.10.2026;15:00;3180205;Rb Leipzig (K);Mainz 05 (K);2026-10-02 00:21:17;1.35;3.9;4.46;1.41;1.94;;;;;1.4;1.97;2026-10-03 04:53:26;PREMATCH
03.10.2026;15:30;3175723;Hoek Hsv;De Treffers;2026-10-02 00:21:17;2.84;3.33;1.76;1.34;2.11;;;2.03;1.37;;;2026-10-03 04:53:26;PREMATCH
03.10.2026;15:30;3175932;Sorrento Calci;Casarano;2026-10-02 00:21:17;2.07;2.89;2.55;1.47;1.85;3.13;1.11;1.66;1.61;1.18;2.64;2026-10-03 04:53:26;PREMATCH
03.10.2026;15:30;3176112;Gubbio;Perugia;2026-10-02 00:21:17;2.62;2.74;2.1;1.62;1.65;2.63;1.19;1.47;1.85;1.09;3.24;2026-10-03 04:53:26;PREMATCH
03.10.2026;15:30;3176223;Rijnsburgse Bo;Vv Kloetinge;2026-10-02 00:21:17;1.44;3.85;3.68;1.22;2.49;;;;;1.69;1.58;2026-10-03 04:53:26;PREMATCH
03.10.2026;15:30;3176601;Cittadella;Albinoleffe;2026-10-02 00:21:17;1.43;3.19;4.8;1.72;1.56;2.85;1.15;1.56;1.72;1.14;2.92;2026-10-03 04:53:26;PREMATCH
03.10.2026;15:30;3176845;Cavese;Casertana;2026-10-02 00:21:17;2.76;2.83;1.98;1.54;1.75;2.9;1.14;1.57;1.71;1.14;2.88;2026-10-03 04:53:26;PREMATCH
03.10.2026;15:30;3176882;Hhc;Ijsselmeervogel;2026-10-02 00:21:17;2.15;3.28;2.21;1.3;2.19;;;;;1.37;2.04;2026-10-03 04:53:26;PREMATCH
03.10.2026;15:30;3176896;Follo;Stjordals-Blink;2026-10-02 16:37:26;2.12;3.66;2.09;1.2;2.56;;;2.56;1.2;1.58;1.69;2026-10-03 04:53:26;PREMATCH
03.10.2026;15:30;3176925;Strommen;Sandnes;2026-10-02 00:21:17;2.09;3.11;2.37;1.3;2.2;4.08;1.0;2.03;1.37;1.36;2.06;2026-10-03 04:53:26;PREMATCH
03.10.2026;15:30;3176960;Rkav Volendam;Jong Almere Cit;2026-10-02 00:21:17;2.4;3.33;1.98;1.24;2.41;;;;;1.48;1.82;2026-10-03 04:53:26;PREMATCH
03.10.2026;15:30;3177038;F.C. Vado;Forli;2026-10-02 00:21:17;2.35;2.78;2.28;1.58;1.69;2.71;1.17;1.51;1.79;1.11;3.11;2026-10-03 04:53:26;PREMATCH
03.10.2026;15:30;3179854;Manchester Uni;Liverpool (K);2026-10-02 00:21:17;1.78;3.29;2.8;1.39;1.99;;;1.89;1.44;;;2026-10-03 04:53:26;PREMATCH
03.10.2026;15:30;3281329;Fc Tallinn;Harju Jalgpalli;2026-10-02 12:43:00;6.99;5.51;1.17;;;;;;;;;2026-10-03 04:53:26;PREMATCH
03.10.2026;16:00;3175171;Vag Fk;Varhaug;2026-10-02 16:57:13;2.24;3.59;2.01;1.19;2.61;;;;;1.61;1.66;2026-10-03 04:53:26;PREMATCH
03.10.2026;16:00;3175217;Vaxjö (K);Kristianstad (K;2026-10-02 00:21:17;4.04;3.55;1.44;;;;;;;;;2026-10-03 04:53:26;PREMATCH
03.10.2026;16:00;3175260;Vindbjart;Flekkeroy;2026-10-02 23:30:31;1.62;3.8;2.94;;;;;;;;;2026-10-03 04:53:26;PREMATCH
03.10.2026;16:00;3175356;Notodden;Eik Toensberg;2026-10-02 21:29:51;1.24;4.21;5.54;1.5;1.81;;;2.14;1.32;1.39;1.98;2026-10-03 04:53:26;PREMATCH
03.10.2026;16:00;3175429;Mfk Bytca;Zilina Ii;2026-10-02 00:21:17;3.32;3.37;1.6;1.4;1.96;;;1.93;1.42;;;2026-10-03 04:53:26;PREMATCH
03.10.2026;16:00;3175549;Lokomotiva Zvo;Slovan Bratisla;2026-10-02 00:21:17;1.66;3.25;3.19;1.39;1.99;;;1.92;1.43;;;2026-10-03 04:53:26;PREMATCH
03.10.2026;16:00;3175659;Galanta;Povazska Bystri;2026-10-02 00:21:17;2.44;3.1;2.04;1.37;2.02;;;1.86;1.46;;;2026-10-03 04:53:26;PREMATCH
03.10.2026;16:00;3175910;Inter Bratisla;Zlate Moravce;2026-10-02 00:21:17;1.86;3.09;2.78;1.43;1.92;;;1.78;1.51;;;2026-10-03 04:53:26;PREMATCH
03.10.2026;16:00;3176158;Finlandiya;Arnavutluk;2026-10-02 00:21:17;2.14;2.88;2.75;1.82;1.59;2.51;1.29;1.42;2.12;1.08;4.07;2026-10-03 04:53:26;PREMATCH
03.10.2026;16:00;3176279;Katwijk;Kozakken Boys;2026-10-02 00:21:17;1.85;3.38;2.6;1.25;2.37;;;;;1.48;1.83;2026-10-03 04:53:26;PREMATCH
03.10.2026;16:00;3176309;Kvik Halden;Bjarg ;2026-10-02 16:57:13;3.0;3.4;1.68;1.29;2.25;;;2.21;1.3;1.44;1.9;2026-10-03 04:53:26;PREMATCH
03.10.2026;16:00;3176469;Bvv Barendrech;Jong Sparta;2026-10-02 00:21:17;2.28;3.43;2.02;1.17;2.69;;;;;1.64;1.64;2026-10-03 04:53:26;PREMATCH
03.10.2026;16:00;3176537;Ifk Lulea;Skelleftea;2026-10-02 00:21:17;2.2;3.19;2.21;1.3;2.19;;;2.05;1.37;;;2026-10-03 04:53:26;PREMATCH
03.10.2026;16:00;3176616;Sv Spakenburg;Afc Amsterdamsc;2026-10-02 00:21:17;1.39;3.97;3.97;1.24;2.38;;;;;1.65;1.62;2026-10-03 04:53:26;PREMATCH
03.10.2026;16:00;3176694;Humenne;Pohronie;2026-10-02 00:21:17;2.3;3.07;2.16;1.43;1.91;;;1.75;1.53;;;2026-10-03 04:53:26;PREMATCH
03.10.2026;16:00;3176736;Kvik Trond;Byasen;2026-10-02 23:30:31;5.72;5.05;1.17;1.27;2.28;;;;;1.88;1.45;2026-10-03 04:53:26;PREMATCH
03.10.2026;16:00;3176773;Rohda Raalte;Gvvv;2026-10-02 00:21:17;3.83;3.63;1.45;1.36;2.07;;;;;1.41;1.95;2026-10-03 04:53:26;PREMATCH
03.10.2026;16:00;3180156;Fiorentina (K);Sassuolo (K);2026-10-02 16:37:26;1.44;3.42;4.2;1.53;1.75;;;1.79;1.51;;;2026-10-03 04:53:26;PREMATCH
03.10.2026;16:00;3193552;Valenciennes U;Dunkerque U19;2026-10-02 14:59:13;1.37;3.75;4.49;1.44;1.88;;;2.04;1.37;;;2026-10-03 04:53:26;PREMATCH
03.10.2026;16:00;3250300;Atlético Tembe;Tacuary;2026-10-02 00:21:17;1.89;3.1;2.7;1.46;1.86;;;1.72;1.56;;;2026-10-03 04:53:26;PREMATCH
03.10.2026;16:00;3250303;Paraguari;3 De Noviembre;2026-10-02 00:21:17;1.94;3.02;2.66;1.51;1.79;;;1.64;1.64;;;2026-10-03 04:53:26;PREMATCH
03.10.2026;16:15;3177036;Hutnik Krakow;Gks Tychy;2026-10-02 00:21:17;2.49;2.99;2.05;1.48;1.83;3.12;1.11;1.66;1.61;1.18;2.65;2026-10-03 04:53:26;PREMATCH
03.10.2026;16:30;3175043;Porthmadog;Bangor;2026-10-02 00:21:17;2.0;3.42;2.32;;;;;;;;;2026-10-03 04:53:26;PREMATCH
03.10.2026;16:30;3175201;Basel Ii;Luzern Ii;2026-10-02 17:45:48;1.67;3.82;2.75;1.11;3.12;;;;;1.98;1.39;2026-10-03 04:53:26;PREMATCH
03.10.2026;16:30;3175208;Swansea Univer;Caerphilly Athl;2026-10-02 00:21:17;1.29;4.09;4.97;1.44;1.91;;;;;1.43;1.93;2026-10-03 04:53:26;PREMATCH
03.10.2026;16:30;3175310;Cardiff Dracon;Newport City;2026-10-02 00:21:17;2.52;3.25;1.93;1.35;2.07;;;1.95;1.41;;;2026-10-03 04:53:26;PREMATCH
03.10.2026;16:30;3175337;Krizevci;Solin;2026-10-02 16:57:13;1.72;3.13;3.08;;;;;;;;;2026-10-03 04:53:26;PREMATCH
03.10.2026;16:30;3175338;Uskok Klis;Jarun;2026-10-02 23:30:31;1.62;3.26;3.34;;;;;;;;;2026-10-03 04:53:26;PREMATCH
03.10.2026;16:30;3175399;Varteks Varazd;Nk Koprivnica;2026-10-02 21:29:51;2.17;3.09;2.28;;;;;;;;;2026-10-03 04:53:26;PREMATCH
03.10.2026;16:30;3175406;Briton Ferry;Colwyn Bay;2026-10-02 00:21:17;3.93;3.61;1.44;1.5;1.8;3.57;1.06;1.86;1.46;1.26;2.32;2026-10-03 04:53:26;PREMATCH
03.10.2026;16:30;3175426;Ammanford;Holywell Town;2026-10-02 00:21:17;2.41;3.13;2.05;1.33;2.12;3.89;1.0;1.96;1.4;1.32;2.14;2026-10-03 04:53:26;PREMATCH
03.10.2026;16:30;3175442;Caernarfon;Barry Town;2026-10-02 00:21:17;1.32;3.99;4.61;1.39;1.99;;;2.25;1.29;1.44;1.88;2026-10-03 04:53:26;PREMATCH
03.10.2026;16:30;3175462;Trethomas Blue;Pontardawe;2026-10-02 00:21:17;1.58;3.51;3.31;1.36;2.06;;;;;1.37;2.05;2026-10-03 04:53:26;PREMATCH
03.10.2026;16:30;3175504;Breiternrain;Bavois;2026-10-02 17:45:48;2.05;3.15;2.39;1.27;2.28;;;;;1.41;1.95;2026-10-03 04:53:26;PREMATCH
03.10.2026;16:30;3175544;Zagora;Dugo Selo;2026-10-02 16:57:13;1.74;3.28;2.9;;;;;;;;;2026-10-03 04:53:26;PREMATCH
03.10.2026;16:30;3175582;Nk Trnje;Uljanik;2026-10-02 21:29:51;2.17;3.11;2.27;1.41;1.96;;;1.8;1.5;;;2026-10-03 04:53:26;PREMATCH
03.10.2026;16:30;3175618;Llandudno;Cardiff Mu;2026-10-02 00:21:17;1.78;3.22;2.85;1.33;2.13;4.03;1.0;2.02;1.37;1.35;2.07;2026-10-03 04:53:26;PREMATCH
03.10.2026;16:30;3175763;Penrhyncoch;Gresford Athlet;2026-10-02 00:21:17;1.75;3.39;2.81;;;;;;;;;2026-10-03 04:53:26;PREMATCH
03.10.2026;16:30;3176063;The New Saints;Cambrian;2026-10-02 00:21:17;1.0;9.19;17.5;1.72;1.56;;;;;2.08;1.35;2026-10-03 04:53:26;PREMATCH
03.10.2026;16:30;3176135;Airbus Uk;Trefelin;2026-10-02 00:21:17;1.35;3.97;4.41;1.41;1.96;;;2.18;1.31;1.41;1.95;2026-10-03 04:53:26;PREMATCH
03.10.2026;16:30;3176139;Gap Connahs Qu;Penybont;2026-10-02 00:21:17;1.66;3.07;3.4;1.61;1.66;2.87;1.15;1.58;1.71;1.14;2.91;2026-10-03 04:53:26;PREMATCH
03.10.2026;16:30;3176145;Treowen Stars;Ynyshir Albions;2026-10-02 00:21:17;1.92;3.3;2.52;1.31;2.16;;;2.05;1.36;;;2026-10-03 04:53:26;PREMATCH
03.10.2026;16:30;3176187;Guilsfield Fc;Llanuwchllyn;2026-10-02 00:21:17;1.45;3.78;3.73;;;;;;;;;2026-10-03 04:53:26;PREMATCH
03.10.2026;16:30;3176208;Caersws;Bala Town;2026-10-02 00:21:17;2.17;3.33;2.17;;;;;;;;;2026-10-03 04:53:26;PREMATCH
03.10.2026;16:30;3176233;Torns;Oskarshamns Aik;2026-10-02 00:21:17;3.96;3.75;1.42;;;;;;;;;2026-10-03 04:53:26;PREMATCH
03.10.2026;16:30;3176389;Haverfordwest;Flint Town;2026-10-02 00:21:17;1.67;3.22;3.19;1.45;1.86;3.41;1.08;1.79;1.51;1.23;2.42;2026-10-03 04:53:26;PREMATCH
03.10.2026;16:30;3176510;Pontypridd Tow;Aberystwyth Tow;2026-10-02 00:21:17;2.15;3.32;2.2;1.33;2.12;;;2.0;1.38;;;2026-10-03 04:53:26;PREMATCH
03.10.2026;16:30;3176685;Mold Alexandra;Newtown;2026-10-02 00:21:17;2.72;3.32;1.8;;;;;;;;;2026-10-03 04:53:26;PREMATCH
03.10.2026;16:30;3176808;Buckley Town;Ruthin Town;2026-10-02 00:21:17;1.29;4.21;4.81;;;;;;;;;2026-10-03 04:53:26;PREMATCH
03.10.2026;16:30;3176855;Y Rhyl 1879;Brickfield Rang;2026-10-02 00:21:17;2.75;3.41;1.77;;;;;;;;;2026-10-03 04:53:26;PREMATCH
03.10.2026;16:30;3179594;Real Murcia U1;Roda U18;2026-10-02 16:57:13;2.21;3.19;2.18;;;;;;;;;2026-10-03 04:53:26;PREMATCH
03.10.2026;16:30;3264381;Valle Egues;Aoiz;2026-10-02 21:29:51;1.72;3.08;3.15;1.46;1.86;;;1.74;1.54;;;2026-10-03 04:53:26;PREMATCH
03.10.2026;17:00;3175088;Exeter;Rotherham;2026-10-02 00:21:17;2.24;2.87;2.34;1.51;1.79;2.98;1.13;1.6;1.67;1.16;2.79;2026-10-03 04:53:26;PREMATCH
03.10.2026;17:00;3175109;Haugesund;Stabaek;2026-10-02 00:21:17;1.7;3.56;2.84;1.16;2.77;;;2.85;1.15;1.74;1.54;2026-10-03 04:53:26;PREMATCH
03.10.2026;17:00;3175113;Hodd;Odds Bk;2026-10-02 00:21:17;2.94;3.55;1.66;1.2;2.58;;;2.63;1.18;1.64;1.64;2026-10-03 04:53:26;PREMATCH
03.10.2026;17:00;3175154;Rochdale;Swindon;2026-10-02 00:21:17;2.0;3.0;2.56;1.44;1.89;3.27;1.09;1.72;1.56;1.21;2.52;2026-10-03 04:53:26;PREMATCH
03.10.2026;17:00;3175298;Annan;Stirling Albion;2026-10-02 00:21:17;1.58;3.31;3.45;1.4;1.98;3.82;1.0;1.94;1.42;1.31;2.18;2026-10-03 04:53:26;PREMATCH
03.10.2026;17:00;3175303;Cham;Bulle;2026-10-02 00:21:17;1.74;3.53;2.75;;;;;;;;;2026-10-03 04:53:26;PREMATCH
03.10.2026;17:00;3175348;Welling Utd;Afc Whyteleafe;2026-10-02 00:21:17;1.65;3.35;3.12;1.41;1.95;;;1.9;1.44;;;2026-10-03 04:53:26;PREMATCH
03.10.2026;17:00;3175447;Grimsby;Shrewsbury;2026-10-02 00:21:17;1.49;3.35;3.96;1.52;1.77;3.36;1.09;1.77;1.52;1.23;2.46;2026-10-03 04:53:26;PREMATCH
03.10.2026;17:00;3175500;Eastleigh;Woking;2026-10-02 00:21:17;2.5;3.15;1.98;1.37;2.01;3.64;1.06;1.87;1.45;1.28;2.28;2026-10-03 04:53:26;PREMATCH
03.10.2026;17:00;3175527;Warrenpoint To;Annagh United;2026-10-02 00:21:17;2.98;3.23;1.73;1.42;1.94;3.57;1.06;1.85;1.47;1.26;2.32;2026-10-03 04:53:26;PREMATCH
03.10.2026;17:00;3175528;Yate Town;Frome Town;2026-10-02 00:21:17;2.51;3.16;1.97;1.42;1.93;;;1.79;1.51;;;2026-10-03 04:53:26;PREMATCH
03.10.2026;17:00;3175529;Portadown Fc;Limavady United;2026-10-02 00:21:17;2.34;3.18;2.08;1.41;1.95;3.46;1.07;1.8;1.5;1.24;2.39;2026-10-03 04:53:26;PREMATCH
03.10.2026;17:00;3175543;Boreham Wood;Altrincham;2026-10-02 00:21:17;1.24;4.38;5.29;1.38;2.01;5.01;1.0;2.46;1.23;1.54;1.74;2026-10-03 04:53:26;PREMATCH
03.10.2026;17:00;3175570;Hw Welders;Rathfriland Ran;2026-10-02 00:21:17;1.0;6.33;11.0;1.65;1.63;;;2.73;1.16;1.66;1.61;2026-10-03 04:53:26;PREMATCH
03.10.2026;17:00;3175624;Airdrieonians;Montrose;2026-10-02 00:21:17;1.63;3.26;3.3;1.44;1.9;3.55;1.06;1.84;1.47;1.26;2.33;2026-10-03 04:53:26;PREMATCH
03.10.2026;17:00;3175682;Gillingham;Newport County;2026-10-02 00:21:17;1.78;3.01;3.05;1.58;1.7;2.87;1.15;1.58;1.71;1.14;2.91;2026-10-03 04:53:26;PREMATCH
03.10.2026;17:00;3175733;Avai;Ceara;2026-10-02 00:21:17;2.24;2.74;2.42;1.71;1.58;2.43;1.23;1.4;1.98;1.06;3.58;2026-10-03 04:53:26;PREMATCH
03.10.2026;17:00;3175784;Queen Of South;Cove Rangers;2026-10-02 00:21:17;2.22;3.1;2.22;1.4;1.97;3.47;1.07;1.81;1.5;1.25;2.37;2026-10-03 04:53:26;PREMATCH
03.10.2026;17:00;3175804;Morton;Raith Rovers;2026-10-02 00:21:17;4.53;3.38;1.42;1.77;1.52;2.77;1.16;1.54;1.74;1.12;3.03;2026-10-03 04:53:26;PREMATCH
03.10.2026;17:00;3175807;Dundela;Queens Universi;2026-10-02 00:21:17;2.54;3.23;1.93;1.38;2.0;3.62;1.06;1.87;1.45;1.28;2.28;2026-10-03 04:53:26;PREMATCH
03.10.2026;17:00;3175818;Rylands;Afc Emley;2026-10-02 00:21:17;1.36;3.75;4.57;1.46;1.86;;;2.01;1.37;;;2026-10-03 04:53:26;PREMATCH
03.10.2026;17:00;3175823;Grand-Saconnex;Yf Juventus;2026-10-02 23:10:21;1.66;3.54;2.95;1.3;2.19;;;;;1.41;1.94;2026-10-03 04:53:26;PREMATCH
03.10.2026;17:00;3175838;East Fife;East Kilbride;2026-10-02 00:21:17;2.83;3.14;1.82;1.41;1.95;3.53;1.07;1.83;1.48;1.26;2.34;2026-10-03 04:53:26;PREMATCH
03.10.2026;17:00;3175885;Leyton Orient;Plymouth;2026-10-02 00:21:17;2.98;3.19;1.74;1.39;1.98;3.67;1.05;1.88;1.44;1.28;2.26;2026-10-03 04:53:26;PREMATCH
03.10.2026;17:00;3175908;Livingston;Ayr Utd;2026-10-02 00:21:17;1.38;3.57;4.52;1.58;1.69;3.35;1.09;1.77;1.52;1.23;2.46;2026-10-03 04:53:26;PREMATCH
03.10.2026;17:00;3175915;Hyde;Stockton Town;2026-10-02 00:21:17;2.26;3.15;2.17;1.38;2.0;;;1.86;1.46;;;2026-10-03 04:53:26;PREMATCH
03.10.2026;17:00;3175928;Barrow;Wealdstone;2026-10-02 00:21:17;1.61;3.31;3.33;1.42;1.93;3.67;1.05;1.88;1.44;1.28;2.26;2026-10-03 04:53:26;PREMATCH
03.10.2026;17:00;3175963;Burton Albion;Huddersfield;2026-10-02 00:21:17;3.32;3.17;1.65;1.51;1.79;3.19;1.1;1.7;1.58;1.2;2.58;2026-10-03 04:53:26;PREMATCH
03.10.2026;17:00;3175964;Bamber Bridge;Quorn;2026-10-02 00:21:17;2.16;3.17;2.26;1.37;2.04;;;1.89;1.44;;;2026-10-03 04:53:26;PREMATCH
03.10.2026;17:00;3175994;Lidkopings;Vanersborgs Fk;2026-10-02 00:21:17;1.97;3.22;2.47;;;;;;;;;2026-10-03 04:53:26;PREMATCH
03.10.2026;17:00;3176001;Ballinamallard;Ards Fc;2026-10-02 00:21:17;2.4;3.09;2.07;1.4;1.98;3.5;1.07;1.81;1.49;1.25;2.36;2026-10-03 04:53:26;PREMATCH
03.10.2026;17:00;3176012;Leamington;Hitchin Town;2026-10-02 00:21:17;1.8;3.14;2.85;1.51;1.78;;;1.66;1.61;;;2026-10-03 04:53:26;PREMATCH
03.10.2026;17:00;3176020;Workington;Cleethorpes Tow;2026-10-02 00:21:17;2.6;3.12;1.93;1.46;1.86;;;1.72;1.56;;;2026-10-03 04:53:26;PREMATCH
03.10.2026;17:00;3176036;Burgess Hill T;Maldon And Tipt;2026-10-02 00:21:17;1.49;3.56;3.71;1.37;2.02;;;;;1.37;2.03;2026-10-03 04:53:26;PREMATCH
03.10.2026;17:00;3176042;Leighton Town;Peterborough Sp;2026-10-02 00:21:17;2.21;3.21;2.19;1.36;2.05;;;1.91;1.43;;;2026-10-03 04:53:26;PREMATCH
03.10.2026;17:00;3176069;Accrington;Cheltenham;2026-10-02 00:21:17;1.98;3.03;2.58;1.42;1.93;3.4;1.08;1.77;1.52;1.23;2.43;2026-10-03 04:53:26;PREMATCH
03.10.2026;17:00;3176071;Partick Thistl;Arbroath;2026-10-02 00:21:17;1.23;3.9;6.34;1.85;1.47;3.07;1.11;1.66;1.61;1.17;2.7;2026-10-03 04:53:26;PREMATCH
03.10.2026;17:00;3176080;Harrogate;Hornchurch;2026-10-02 00:21:17;1.47;3.51;3.89;1.47;1.84;3.61;1.06;1.87;1.45;1.28;2.28;2026-10-03 04:53:26;PREMATCH
03.10.2026;17:00;3176084;Reading;Bradford;2026-10-02 00:21:17;1.98;2.95;2.65;1.56;1.72;2.85;1.15;1.57;1.72;1.14;2.93;2026-10-03 04:53:26;PREMATCH
03.10.2026;17:00;3176101;Paradiso;Lugano Ii;2026-10-02 00:21:17;1.39;3.71;4.28;;;;;;;;;2026-10-03 04:53:26;PREMATCH
03.10.2026;17:00;3176148;Salford City;Fleetwood Town;2026-10-02 00:21:17;1.47;3.42;4.02;1.52;1.77;3.41;1.08;1.79;1.51;1.23;2.42;2026-10-03 04:53:26;PREMATCH
03.10.2026;17:00;3176174;Solihull Moors;Halifax;2026-10-02 00:21:17;1.92;3.22;2.56;1.35;2.08;3.86;1.0;1.96;1.4;1.32;2.15;2026-10-03 04:53:26;PREMATCH
03.10.2026;17:00;3176203;Redcar Athleti;Alfreton;2026-10-02 00:21:17;1.59;3.35;3.37;1.44;1.91;;;1.86;1.45;;;2026-10-03 04:53:26;PREMATCH
03.10.2026;17:00;3176215;Glentoran;Dungannon;2026-10-02 00:21:17;1.52;3.42;3.64;1.44;1.9;3.69;1.05;1.9;1.44;1.29;2.24;2026-10-03 04:53:26;PREMATCH
03.10.2026;17:00;3176239;Kidderminster;Sutton United;2026-10-02 00:21:17;2.11;2.91;2.46;1.62;1.65;2.67;1.18;1.5;1.81;1.1;3.18;2026-10-03 04:53:26;PREMATCH
03.10.2026;17:00;3176244;Aldershot;Carlisle;2026-10-02 00:21:17;2.9;3.3;1.74;1.3;2.21;4.31;1.0;2.14;1.33;1.4;1.96;2026-10-03 04:53:26;PREMATCH
03.10.2026;17:00;3176246;Ramsgate;Carshalton Athl;2026-10-02 00:21:17;2.02;3.22;2.4;1.37;2.03;;;1.9;1.44;;;2026-10-03 04:53:26;PREMATCH
03.10.2026;17:00;3176273;Hartlepool;Tamworth;2026-10-02 00:21:17;1.97;3.12;2.53;1.31;2.17;4.05;1.0;2.02;1.37;1.36;2.07;2026-10-03 04:53:26;PREMATCH
03.10.2026;17:00;3176302;Ross County;Alloa;2026-10-02 00:21:17;1.12;4.95;7.68;1.65;1.62;;;2.16;1.31;1.4;1.97;2026-10-03 04:53:26;PREMATCH
03.10.2026;17:00;3176303;Elgin;Clyde;2026-10-02 00:21:17;1.89;3.22;2.61;1.32;2.15;4.04;1.0;2.03;1.37;1.36;2.07;2026-10-03 04:53:26;PREMATCH
03.10.2026;17:00;3176350;Syrianska;Lindo Ff;2026-10-02 00:21:17;2.04;3.47;2.26;1.23;2.47;;;;;1.52;1.77;2026-10-03 04:53:26;PREMATCH
03.10.2026;17:00;3176354;Spartans;Kelty Hearts;2026-10-02 00:21:17;1.5;3.59;3.61;1.37;2.03;;;2.08;1.35;1.37;2.03;2026-10-03 04:53:26;PREMATCH
03.10.2026;17:00;3176362;Stranraer;Edinburg C.;2026-10-02 00:21:17;1.75;3.2;2.94;1.41;1.95;3.57;1.06;1.85;1.47;1.27;2.31;2026-10-03 04:53:26;PREMATCH
03.10.2026;17:00;3176366;Gateshead;Worthing;2026-10-02 00:21:17;4.71;3.93;1.32;1.44;1.9;4.21;1.0;2.12;1.33;1.38;2.0;2026-10-03 04:53:26;PREMATCH
03.10.2026;17:00;3176376;Swit Skolwin;Sokol Kleczew;2026-10-02 00:21:17;1.98;3.32;2.42;1.24;2.4;;;2.29;1.27;1.48;1.83;2026-10-03 04:53:26;PREMATCH
03.10.2026;17:00;3176409;Rushall Olympi;Needham Market;2026-10-02 00:21:17;2.34;3.22;2.07;1.41;1.94;;;1.81;1.5;;;2026-10-03 04:53:26;PREMATCH
03.10.2026;17:00;3176411;Lancaster City;Ilkeston Town;2026-10-02 00:21:17;1.74;3.15;3.01;1.48;1.83;;;1.72;1.56;;;2026-10-03 04:53:26;PREMATCH
03.10.2026;17:00;3176418;Stromsgodset;Asane;2026-10-02 00:21:17;1.0;7.13;9.93;1.33;2.12;;;;;2.33;1.26;2026-10-03 04:53:26;PREMATCH
03.10.2026;17:00;3176439;Carrick Ranger;Crusaders;2026-10-02 00:21:17;1.39;3.72;4.28;1.44;1.88;3.96;1.0;2.01;1.37;1.34;2.11;2026-10-03 04:53:26;PREMATCH
03.10.2026;17:00;3176447;Poole Town;Evesham United;2026-10-02 00:21:17;1.49;3.43;3.85;1.53;1.76;;;1.77;1.52;;;2026-10-03 04:53:26;PREMATCH
03.10.2026;17:00;3176588;Institute Fc;Newington Yc;2026-10-02 00:21:17;2.6;3.32;1.86;1.28;2.28;;;2.19;1.3;1.43;1.93;2026-10-03 04:53:26;PREMATCH
03.10.2026;17:00;3176615;Crewe;Bristol Rovers;2026-10-02 00:21:17;2.57;3.02;1.99;1.46;1.86;3.21;1.09;1.7;1.58;1.2;2.57;2026-10-03 04:53:26;PREMATCH
03.10.2026;17:00;3176690;Yeovil;Boston United;2026-10-02 00:21:17;1.72;3.23;3.02;1.41;1.95;3.61;1.06;1.86;1.46;1.27;2.29;2026-10-03 04:53:26;PREMATCH
03.10.2026;17:00;3176705;Loughgall Fc;Newry City Afc;2026-10-02 00:21:17;1.93;3.14;2.58;1.37;2.01;3.64;1.06;1.87;1.45;1.28;2.28;2026-10-03 04:53:26;PREMATCH
03.10.2026;17:00;3176787;Stourbridge;Racing Club War;2026-10-02 00:21:17;1.61;3.33;3.33;1.4;1.97;;;1.93;1.42;;;2026-10-03 04:53:26;PREMATCH
03.10.2026;17:00;3176810;Southend;Afc Fylde;2026-10-02 00:21:17;1.52;3.54;3.54;1.31;2.18;4.56;1.0;2.25;1.29;1.45;1.87;2026-10-03 04:53:26;PREMATCH
03.10.2026;17:00;3176956;Dumbarton;Forfar;2026-10-02 00:21:17;2.08;3.05;2.41;1.41;1.96;3.45;1.08;1.79;1.51;1.24;2.4;2026-10-03 04:53:26;PREMATCH
03.10.2026;17:00;3177044;Cliftonville;Ballymena;2026-10-02 00:21:17;1.85;3.2;2.72;1.38;2.01;3.68;1.05;1.89;1.44;1.29;2.25;2026-10-03 04:53:26;PREMATCH
03.10.2026;17:00;3179324;Dren Vrhnika; Krsko;2026-10-02 00:21:17;1.51;3.44;3.75;1.51;1.79;;;1.8;1.5;;;2026-10-03 04:53:26;PREMATCH
03.10.2026;17:00;3179359;Köln (K);Freiburg (K);2026-10-02 00:21:17;1.51;3.47;3.68;1.44;1.9;;;1.92;1.43;;;2026-10-03 04:53:26;PREMATCH
03.10.2026;17:00;3179503;Rayo Majadahon;Atl Madrid U19;2026-10-02 21:29:51;5.85;4.21;1.23;1.58;1.69;;;2.0;1.38;;;2026-10-03 04:53:26;PREMATCH
03.10.2026;17:00;3179849;Dravinja;Nd Slovan Ljubl;2026-10-02 00:21:17;2.03;3.12;2.44;1.42;1.94;;;1.79;1.51;;;2026-10-03 04:53:26;PREMATCH
03.10.2026;17:00;3180373;Silva;Villalbes;2026-10-02 21:29:51;2.56;2.65;2.21;1.67;1.6;;;1.41;1.95;;;2026-10-03 04:53:26;PREMATCH
03.10.2026;17:00;3180612;Castellon Ii;Lorca Deportiva;2026-10-02 00:21:17;1.93;2.9;2.77;1.48;1.83;;;1.65;1.62;;;2026-10-03 04:53:26;PREMATCH
03.10.2026;17:00;3180615;Soneja;Jove Espanol;2026-10-02 21:29:51;2.06;2.69;2.74;1.79;1.51;;;1.35;2.08;;;2026-10-03 04:53:26;PREMATCH
03.10.2026;17:00;3180702;Deportivo De L;Atl Madrid (K);2026-10-02 15:26:55;4.34;3.6;1.4;1.44;1.88;;;1.99;1.39;;;2026-10-03 04:53:26;PREMATCH
03.10.2026;17:00;3185308;Colchester;Luton;2026-10-02 11:40:10;3.94;3.35;1.49;1.42;1.93;3.87;1.0;1.95;1.41;1.32;2.15;2026-10-03 04:53:26;PREMATCH
03.10.2026;17:00;3257917;Macclesfield;Scarborough Ath;2026-10-02 00:21:17;1.51;3.47;3.7;1.7;1.58;;;1.57;1.72;;;2026-10-03 04:53:26;PREMATCH
03.10.2026;17:00;3257918;Chesham United;Real Bedford;2026-10-02 00:21:17;1.71;3.24;3.05;1.3;2.2;;;;;1.4;1.96;2026-10-03 04:53:26;PREMATCH
03.10.2026;17:00;3257922;Uxbridge;Hungerford Town;2026-10-02 00:21:17;1.56;3.45;3.45;1.6;1.67;;;1.64;1.63;;;2026-10-03 04:53:26;PREMATCH
03.10.2026;17:00;3257924;Trafford;Atherton Collie;2026-10-02 00:21:17;1.82;3.23;2.76;1.3;2.22;;;;;1.39;1.98;2026-10-03 04:53:26;PREMATCH
03.10.2026;17:00;3257926;Dorking Wand.;Chatham Town;2026-10-02 00:21:17;1.06;6.05;8.79;1.72;1.56;;;;;1.45;1.87;2026-10-03 04:53:26;PREMATCH
03.10.2026;17:00;3257927;Tadley Calleva;Dartford;2026-10-02 00:21:17;7.62;4.49;1.16;1.6;1.67;;;;;1.42;1.93;2026-10-03 04:53:26;PREMATCH
03.10.2026;17:00;3257932;;Chorley;2026-10-02 00:21:17;4.88;4.64;1.24;1.47;1.84;;;;;1.4;1.96;2026-10-03 04:53:26;PREMATCH
03.10.2026;17:00;3257935;Guiseley;Bradford Park A;2026-10-02 00:21:17;1.46;3.72;3.72;1.38;2.01;;;;;1.37;2.01;2026-10-03 04:53:26;PREMATCH
03.10.2026;17:00;3257937;Tonbridge Ange;Torquay;2026-10-02 00:21:17;3.12;3.31;1.67;1.36;2.06;;;2.0;1.39;;;2026-10-03 04:53:26;PREMATCH
03.10.2026;17:00;3257940;Truro City;Cirencester Tow;2026-10-02 00:21:17;1.05;5.59;11.25;1.72;1.55;;;;;1.53;1.75;2026-10-03 04:53:26;PREMATCH
03.10.2026;17:00;3257943;Marine;Warrington Town;2026-10-02 00:21:17;1.58;3.32;3.47;1.58;1.69;;;1.64;1.63;;;2026-10-03 04:53:26;PREMATCH
03.10.2026;17:00;3257944;Cray Wanderers;Chippenham Town;2026-10-02 00:21:17;1.56;3.45;3.45;1.33;2.13;;;;;1.41;1.95;2026-10-03 04:53:26;PREMATCH
03.10.2026;17:00;3257945;Harborough Tow;St Albans;2026-10-02 00:21:17;1.8;3.3;2.74;1.28;2.27;;;;;1.43;1.93;2026-10-03 04:53:26;PREMATCH
03.10.2026;17:00;3257947;Gainsborough T;Anstey Nomads;2026-10-02 00:21:17;2.0;3.3;2.39;1.31;2.18;;;;;1.37;2.04;2026-10-03 04:53:26;PREMATCH
03.10.2026;17:00;3257948;Weymouth;Se Dons;2026-10-02 00:21:17;1.43;3.79;3.89;1.29;2.26;;;;;1.55;1.73;2026-10-03 04:53:26;PREMATCH
03.10.2026;17:00;3257950;Mulbarton Wand;Gloucester City;2026-10-02 00:21:17;2.74;3.3;1.8;1.42;1.93;;;1.83;1.48;;;2026-10-03 04:53:26;PREMATCH
03.10.2026;17:00;3257951;Bedford Town;Wingate;2026-10-02 00:21:17;1.42;3.72;4.03;1.32;2.14;;;;;1.48;1.83;2026-10-03 04:53:26;PREMATCH
03.10.2026;17:00;3257952;Stafford Range;Halesowen Town;2026-10-02 00:21:17;2.84;3.12;1.81;1.35;2.08;;;1.96;1.4;;;2026-10-03 04:53:26;PREMATCH
03.10.2026;17:00;3257954;Redditch Unite;Berkhamsted;2026-10-02 00:21:17;1.94;2.92;2.73;1.41;1.95;;;1.77;1.52;;;2026-10-03 04:53:26;PREMATCH
03.10.2026;17:00;3257955;Plymouth Parkw;Horsham;2026-10-02 00:21:17;2.27;3.11;2.18;1.35;2.07;;;1.91;1.43;;;2026-10-03 04:53:26;PREMATCH
03.10.2026;17:00;3257957;Kettering;Worcester City;2026-10-02 00:21:17;2.0;3.32;2.37;1.27;2.29;;;;;1.42;1.93;2026-10-03 04:53:26;PREMATCH
03.10.2026;17:00;3257958;Morecambe;Darlington 1883;2026-10-02 00:21:17;1.8;3.3;2.74;1.48;1.83;;;1.73;1.55;;;2026-10-03 04:53:26;PREMATCH
03.10.2026;17:00;3257961;Spennymoor;Chester;2026-10-02 00:21:17;2.47;2.84;2.14;1.42;1.93;;;1.72;1.56;;;2026-10-03 04:53:26;PREMATCH
03.10.2026;17:00;3257962;Buxton;Gateshead(South;2026-10-02 00:21:17;2.76;3.23;1.82;1.28;2.28;;;;;1.43;1.92;2026-10-03 04:53:26;PREMATCH
03.10.2026;17:00;3257963;Salisbury;Dulwich Hamlet;2026-10-02 00:21:17;1.19;4.71;5.91;1.56;1.72;;;;;1.38;2.0;2026-10-03 04:53:26;PREMATCH
03.10.2026;17:00;3257965;Leiston;Coventry United;2026-10-02 00:21:17;1.51;3.5;3.64;1.4;1.96;;;2.0;1.39;;;2026-10-03 04:53:26;PREMATCH
03.10.2026;17:00;3257966;Afc Rushden & ;Braintree;2026-10-02 00:21:17;3.54;4.04;1.44;1.38;2.01;;;;;1.38;2.0;2026-10-03 04:53:26;PREMATCH
03.10.2026;17:00;3257967;Bury Town;Spalding United;2026-10-02 00:21:17;2.57;3.23;1.91;1.38;2.0;;;1.87;1.45;;;2026-10-03 04:53:26;PREMATCH
03.10.2026;17:00;3257968;Bury;Bromsgrove Spor;2026-10-02 00:21:17;1.58;3.33;3.43;1.3;2.19;;;;;1.43;1.91;2026-10-03 04:53:26;PREMATCH
03.10.2026;17:00;3257969;Crowborough At;Wimborne Town;2026-10-02 00:21:17;3.72;3.72;1.46;1.37;2.05;;;;;1.4;1.97;2026-10-03 04:53:26;PREMATCH
03.10.2026;17:00;3257971;Oxford City;Enfield Town;2026-10-02 00:21:17;1.35;4.16;4.17;1.42;1.93;;;;;1.39;2.0;2026-10-03 04:53:26;PREMATCH
03.10.2026;17:00;3257973;Hanwell;Dover Athletic;2026-10-02 00:21:17;2.46;3.44;1.9;1.3;2.22;;;;;1.4;1.97;2026-10-03 04:53:26;PREMATCH
03.10.2026;17:00;3257974;Hindistan;Brezilya;2026-10-02 00:21:17;17.5;13.2;1.0;;;;;;;;;2026-10-03 04:53:26;PREMATCH
03.10.2026;17:00;3257975;Worksop Town;United Of Manch;2026-10-02 00:21:17;1.56;3.47;3.41;1.28;2.28;;;;;1.49;1.82;2026-10-03 04:53:26;PREMATCH
03.10.2026;17:00;3257977;Brackley Town;Chelmsford;2026-10-02 00:21:17;2.28;2.92;2.28;1.56;1.72;;;1.55;1.73;;;2026-10-03 04:53:26;PREMATCH
03.10.2026;17:00;3257978;Leatherhead;Hanworth Villa;2026-10-02 00:21:17;2.0;3.32;2.37;1.28;2.26;;;;;1.41;1.96;2026-10-03 04:53:26;PREMATCH
03.10.2026;17:00;3257980;Cambridge City;Alvechurch;2026-10-02 00:21:17;3.3;3.3;1.62;1.33;2.14;;;;;1.39;2.0;2026-10-03 04:53:26;PREMATCH
03.10.2026;17:00;3257982;Ebbsfleet;Sholing;2026-10-02 00:21:17;1.15;5.18;6.4;1.59;1.68;;;;;1.4;1.96;2026-10-03 04:53:26;PREMATCH
03.10.2026;17:00;3257983;Sheppey United;Chertsey Town;2026-10-02 00:21:17;3.1;3.59;1.61;1.32;2.14;;;;;1.4;1.97;2026-10-03 04:53:26;PREMATCH
03.10.2026;17:00;3261588;Thame United;Eastbourne Boro;2026-10-02 00:21:17;4.41;3.7;1.37;1.43;1.92;;;;;1.37;2.04;2026-10-03 04:53:26;PREMATCH
03.10.2026;17:00;3261638;Liverpool Mont;Progreso;2026-10-02 00:21:17;1.51;3.24;3.98;1.65;1.62;;;1.58;1.69;;;2026-10-03 04:53:26;PREMATCH
03.10.2026;17:00;3264292;Cortes;Izarra;2026-10-02 21:29:51;3.95;3.13;1.54;1.65;1.63;;;1.58;1.7;;;2026-10-03 04:53:26;PREMATCH
03.10.2026;17:00;3266248;Sfax Railways;As Gabes;2026-10-02 21:29:51;1.87;2.87;3.39;;;;;;;;;2026-10-03 04:53:26;PREMATCH
03.10.2026;17:00;3266255;Cs Msaken;Cs Chebba;2026-10-02 21:29:51;1.69;2.93;4.11;;;;;;;;;2026-10-03 04:53:26;PREMATCH
03.10.2026;17:00;3268852;Saida;Asm Oran;2026-10-02 00:21:17;2.01;2.61;2.91;;;;;;;;;2026-10-03 04:53:26;PREMATCH
03.10.2026;17:00;3268856;Kolea;El Bayadh;2026-10-02 00:21:17;1.71;2.82;3.55;2.06;1.36;2.05;1.36;;;;;2026-10-03 04:53:26;PREMATCH
03.10.2026;17:00;3268860;Js Djijel;Azazga;2026-10-02 00:21:17;1.65;2.87;3.76;1.97;1.4;;;1.31;2.17;;;2026-10-03 04:53:26;PREMATCH
03.10.2026;17:00;3268864;Widad Amel;Jsm Tiaret;2026-10-02 00:21:17;1.73;2.81;3.47;1.82;1.49;;;1.37;2.03;;;2026-10-03 04:53:26;PREMATCH
03.10.2026;17:00;3268865;Gc Mascara;Blida;2026-10-02 00:21:17;2.21;2.68;2.53;1.73;1.55;;;1.37;2.03;;;2026-10-03 04:53:26;PREMATCH
03.10.2026;17:00;3268867;Skikda;Beni Oulbane;2026-10-02 00:21:17;1.71;2.82;3.56;;;;;;;;;2026-10-03 04:53:26;PREMATCH
03.10.2026;17:00;3268870;Sidi Mhamed Be;Mostaganem;2026-10-02 00:21:17;1.94;2.75;2.91;1.77;1.52;;;1.37;2.03;;;2026-10-03 04:53:26;PREMATCH
03.10.2026;17:00;3268872;Na Hussein Dey;Rc Kouba;2026-10-02 00:21:17;3.04;2.67;1.93;1.97;1.4;2.07;1.36;;;;;2026-10-03 04:53:26;PREMATCH
03.10.2026;17:00;3268875;Usm El Harrach;Taghit;2026-10-02 21:29:51;1.0;5.44;17.5;;;;;1.64;1.64;;;2026-10-03 04:53:26;PREMATCH
03.10.2026;17:15;3179852;Elche Ii;Ucam Murcia;2026-10-02 00:21:17;2.82;2.98;1.88;1.53;1.75;;;1.6;1.67;;;2026-10-03 04:53:26;PREMATCH
03.10.2026;17:15;3180096;Almeria;Burgos;2026-10-02 00:21:17;1.46;3.53;4.8;1.75;1.65;3.19;1.16;1.67;1.72;1.18;3.0;2026-10-03 04:53:26;PREMATCH
03.10.2026;17:30;3176391;Oss;Maastricht;2026-10-02 00:21:17;1.94;3.15;2.56;1.39;1.99;3.57;1.06;1.85;1.47;1.27;2.31;2026-10-03 04:53:26;PREMATCH
03.10.2026;17:30;3176877;Vitesse;Breda;2026-10-02 00:21:17;2.52;3.41;1.87;1.25;2.36;4.67;1.0;2.3;1.27;1.47;1.84;2026-10-03 04:53:26;PREMATCH
03.10.2026;17:30;3179453;Rayo Cantabria;Eibar Ii;2026-10-02 00:21:17;2.5;2.7;2.21;1.51;1.78;;;1.57;1.72;;;2026-10-03 04:53:26;PREMATCH
03.10.2026;17:30;3179570;Platges De Cal;Migjorn;2026-10-02 22:11:22;1.23;3.92;6.48;1.83;1.48;;;1.69;1.58;;;2026-10-03 04:53:26;PREMATCH
03.10.2026;17:30;3179863;Deportivo La C;Real Avilés U18;2026-10-02 22:33:11;1.0;9.19;13.05;;;;;;;;;2026-10-03 04:53:26;PREMATCH
03.10.2026;17:30;3179920;Racing Ferrol;Pontevedra;2026-10-02 00:21:17;1.9;2.8;2.95;1.72;1.56;2.46;1.23;1.41;1.95;1.07;3.53;2026-10-03 04:53:26;PREMATCH
03.10.2026;17:30;3180050;Barakaldo;Arenas De Getxo;2026-10-02 00:21:17;1.3;3.8;5.34;1.7;1.58;3.23;1.09;1.72;1.56;1.2;2.56;2026-10-03 04:53:26;PREMATCH
03.10.2026;17:30;3180168;Union Irun;Ud Ourense;2026-10-02 00:21:17;1.18;4.44;6.55;1.7;1.58;3.72;1.05;1.93;1.42;1.3;2.23;2026-10-03 04:53:26;PREMATCH
03.10.2026;17:30;3180238;Tona;Badalona;2026-10-02 21:29:51;3.35;2.81;1.76;1.72;1.56;;;1.43;1.92;;;2026-10-03 04:53:26;PREMATCH
03.10.2026;17:30;3180359;Alondras;Atletico Coruna;2026-10-02 21:29:51;1.54;3.19;3.83;;;;;;;;;2026-10-03 04:53:26;PREMATCH
03.10.2026;17:30;3180493;Logrones U19;Sociedad U19;2026-10-02 16:57:13;2.47;3.33;1.93;1.35;2.09;;;1.99;1.39;;;2026-10-03 04:53:26;PREMATCH
03.10.2026;18:00;3179308;Leganes U19;Union Adarve U1;2026-10-02 16:57:13;1.51;3.47;3.7;;;;;;;;;2026-10-03 04:53:26;PREMATCH
03.10.2026;18:00;3179349;Pena Sport;Sd Logrones;2026-10-02 00:21:17;2.9;2.84;1.91;1.79;1.51;;;1.37;2.03;;;2026-10-03 04:53:26;PREMATCH
03.10.2026;18:00;3179366;Basconia;Llanera;2026-10-02 00:21:17;1.45;3.47;4.03;1.51;1.79;;;1.82;1.49;;;2026-10-03 04:53:26;PREMATCH
03.10.2026;18:00;3179609;Arenteiro;Amorebieta;2026-10-02 00:21:17;2.39;2.65;2.34;1.64;1.64;;;1.44;1.9;;;2026-10-03 04:53:26;PREMATCH
03.10.2026;18:00;3179707;Albacete U19;Rayo Vallecano ;2026-10-02 22:33:11;2.84;3.25;1.78;1.44;1.88;;;1.78;1.51;;;2026-10-03 04:53:26;PREMATCH
03.10.2026;18:00;3179741;Acero;Torrellano;2026-10-02 22:33:11;1.72;2.89;3.42;1.65;1.62;;;1.5;1.8;;;2026-10-03 04:53:26;PREMATCH
03.10.2026;18:00;3179975;Sporting Horta;Mérida U19;2026-10-02 22:33:11;1.6;3.43;3.26;1.41;1.94;;;1.92;1.43;;;2026-10-03 04:53:26;PREMATCH
03.10.2026;18:00;3180005;Alcobendas Spo;Parla Escuela;2026-10-02 22:11:22;1.86;2.9;2.92;1.65;1.61;;;1.47;1.85;;;2026-10-03 04:53:26;PREMATCH
03.10.2026;18:00;3180020;Hercules Ii;Eldense Ii;2026-10-02 22:33:11;2.43;2.74;2.24;1.65;1.62;;;1.44;1.9;;;2026-10-03 04:53:26;PREMATCH
03.10.2026;18:00;3180197;G.Torrelavega;Marino De Luanc;2026-10-02 00:21:17;1.9;2.71;3.05;1.69;1.58;;;1.42;1.93;;;2026-10-03 04:53:26;PREMATCH
03.10.2026;18:00;3180479;Roda;Sporting Torrev;2026-10-02 22:33:11;2.02;2.75;2.75;1.71;1.57;;;1.4;1.96;;;2026-10-03 04:53:26;PREMATCH
03.10.2026;18:00;3215655;Vision;Bibiani Gold St;2026-10-02 23:30:31;1.56;2.91;4.2;1.94;1.41;;;1.35;2.08;;;2026-10-03 04:53:26;PREMATCH
03.10.2026;18:00;3215678;Dreams;Hearts Of Oak;2026-10-02 23:30:31;1.99;2.68;2.89;1.79;1.51;;;1.35;2.09;;;2026-10-03 04:53:26;PREMATCH
03.10.2026;18:00;3234436;Ceares;San Martín;2026-10-02 22:33:11;1.98;2.77;2.81;1.7;1.58;;;1.42;1.93;;;2026-10-03 04:53:26;PREMATCH
03.10.2026;18:00;3234538;Kano Pillars;Sporting Lagos;2026-10-02 22:33:11;1.49;3.13;4.33;1.86;1.46;;;1.44;1.91;;;2026-10-03 04:53:26;PREMATCH
03.10.2026;18:00;3268871;Rusya;Namibya;2026-10-02 21:04:08;1.0;7.54;17.5;;;;;;;;;2026-10-03 04:53:26;PREMATCH
03.10.2026;18:30;3175198;Grosseto;Sambenedetese;2026-10-02 00:21:17;1.38;3.64;4.48;1.63;1.65;3.22;1.09;1.72;1.56;1.2;2.56;2026-10-03 04:53:26;PREMATCH
03.10.2026;18:30;3175753;Union Arzignan;Pergolettese ;2026-10-02 00:21:17;1.67;2.79;3.75;1.75;1.54;2.5;1.22;1.42;1.93;1.08;3.43;2026-10-03 04:53:26;PREMATCH
03.10.2026;18:30;3176514;Livorno;Pescara;2026-10-02 00:21:17;2.23;2.94;2.3;1.39;1.99;3.48;1.07;1.79;1.51;1.25;2.37;2026-10-03 04:53:26;PREMATCH
03.10.2026;18:30;3176929;Ssc Giugliano;Barletta;2026-10-02 00:21:17;2.2;2.91;2.36;1.42;1.93;3.33;1.09;1.73;1.55;1.22;2.48;2026-10-03 04:53:26;PREMATCH
03.10.2026;18:30;3179273;Ss Monopoli 19;Savoia;2026-10-02 00:21:17;1.53;3.03;4.19;1.76;1.53;2.63;1.18;1.48;1.84;1.09;3.22;2026-10-03 04:53:26;PREMATCH
03.10.2026;18:30;3179584;Montecarlo U19;Osasuna U19;2026-10-02 16:57:13;2.78;3.3;1.79;;;;;;;;;2026-10-03 04:53:26;PREMATCH
03.10.2026;18:30;3282027;Almanya (U20);İngiltere (U20);2026-10-02 17:22:42;2.17;3.02;2.33;1.43;1.93;3.34;1.09;1.75;1.53;1.23;2.47;2026-10-03 04:53:26;PREMATCH
03.10.2026;18:55;3179803;E. Frankfurt (;Bayern München ;2026-10-02 00:21:17;5.04;4.21;1.27;1.32;2.14;;;;;1.6;1.67;2026-10-03 04:53:26;PREMATCH
03.10.2026;18:55;3283557;Suudi Arabista;Katar;2026-10-02 22:33:11;1.36;3.34;5.34;;;;;;;;;2026-10-03 04:53:26;PREMATCH
03.10.2026;19:00;3175040;Le Havre (K);Saint Malo (K);2026-10-02 16:57:13;1.97;2.95;2.65;1.57;1.72;;;1.56;1.72;;;2026-10-03 04:53:26;PREMATCH
03.10.2026;19:00;3175238;Papai Perutz;Gyor Ii;2026-10-02 16:57:13;3.37;3.6;1.54;1.35;2.08;;;;;1.38;2.0;2026-10-03 04:53:26;PREMATCH
03.10.2026;19:00;3175567;Inter Toronto;Cavalry;2026-10-02 00:21:17;4.65;3.92;1.33;1.39;2.0;;;2.24;1.29;1.44;1.88;2026-10-03 04:53:26;PREMATCH
03.10.2026;19:00;3175766;İzlanda;Bulgaristan;2026-10-02 00:21:17;1.25;4.29;6.9;1.89;1.54;3.47;1.13;1.79;1.62;1.23;2.76;2026-10-03 04:53:26;PREMATCH
03.10.2026;19:00;3176259;Fc Gute;Skiljebo Sk;2026-10-02 00:21:17;3.2;3.44;1.61;1.3;2.22;;;;;1.44;1.89;2026-10-03 04:53:26;PREMATCH
03.10.2026;19:00;3176288;Estonya;Lüksemburg;2026-10-02 00:21:17;2.65;2.85;2.23;1.79;1.62;2.56;1.27;1.44;2.07;1.09;3.95;2026-10-03 04:53:26;PREMATCH
03.10.2026;19:00;3176349;Hirvatistan;İngiltere;2026-10-02 00:21:17;3.43;3.34;1.71;1.46;2.03;3.98;1.08;1.94;1.51;1.31;2.42;2026-10-03 04:53:26;PREMATCH
03.10.2026;19:00;3176429;Lyon (K);Toulouse (K);2026-10-02 22:52:21;1.0;12.1;17.5;;;;;;;;;2026-10-03 04:53:26;PREMATCH
03.10.2026;19:00;3176489;Sandecja Nowy ;Falubaz Zielona;2026-10-02 00:21:17;1.37;3.76;4.49;1.47;1.84;3.89;1.0;1.99;1.39;1.32;2.14;2026-10-03 04:53:26;PREMATCH
03.10.2026;19:00;3176634;Tatran Presov;Banik Lehota P.;2026-10-02 00:21:17;1.49;3.41;3.87;1.51;1.79;;;1.8;1.5;;;2026-10-03 04:53:26;PREMATCH
03.10.2026;19:00;3176973;Belarus;San Marino;2026-10-02 00:21:17;1.0;9.36;17.5;2.42;1.31;5.72;1.0;2.62;1.26;1.58;1.83;2026-10-03 04:53:26;PREMATCH
03.10.2026;19:00;3179288;Dep. Guadalaja;G.Segoviana;2026-10-02 00:21:17;1.81;2.93;3.03;1.7;1.58;;;1.45;1.87;;;2026-10-03 04:53:26;PREMATCH
03.10.2026;19:00;3179302;Malaga B;Granada Ii;2026-10-02 20:29:47;1.68;3.03;3.35;;;;;;;;;2026-10-03 04:53:26;PREMATCH
03.10.2026;19:00;3179506;Roma (K);Lazio (K);2026-10-02 16:37:26;1.16;4.52;7.22;1.71;1.57;;;1.97;1.4;;;2026-10-03 04:53:26;PREMATCH
03.10.2026;19:00;3179598;Dos Hermanas 1;Ceuta Ii;2026-10-02 22:52:21;1.23;4.01;6.42;1.8;1.5;;;1.72;1.56;;;2026-10-03 04:53:26;PREMATCH
03.10.2026;19:00;3179652;Las Palmas Iii;Lanzarote;2026-10-02 22:52:21;1.44;3.33;4.4;1.58;1.69;;;1.72;1.57;;;2026-10-03 04:53:26;PREMATCH
03.10.2026;19:00;3179753;Damm U18;Racing Club Zar;2026-10-02 16:57:13;1.28;3.97;5.28;;;;;;;;;2026-10-03 04:53:26;PREMATCH
03.10.2026;19:00;3179801;Albacete Ii;Talavera Cf;2026-10-02 00:21:17;2.23;2.8;2.4;1.66;1.6;;;1.44;1.91;;;2026-10-03 04:53:26;PREMATCH
03.10.2026;19:00;3180127;San Miguel;Tenerife Iii;2026-10-02 22:52:21;1.88;2.91;2.87;1.55;1.73;;;1.58;1.71;;;2026-10-03 04:53:26;PREMATCH
03.10.2026;19:00;3180306;Portugalete;Deportivo Alave;2026-10-02 00:21:17;2.35;2.65;2.38;1.72;1.57;;;1.37;2.01;;;2026-10-03 04:53:26;PREMATCH
03.10.2026;19:00;3180423;Espanyol Ii;Naxara;2026-10-02 00:21:17;1.09;4.8;10.3;2.02;1.37;;;1.86;1.46;;;2026-10-03 04:53:26;PREMATCH
03.10.2026;19:00;3180539;Brezice;Nd Primorje;2026-10-02 00:21:17;2.75;3.29;1.8;1.37;2.05;;;1.95;1.41;;;2026-10-03 04:53:26;PREMATCH
03.10.2026;19:00;3180619;Madrid Cf (K);Athletic Club (;2026-10-02 15:26:55;2.56;2.97;2.02;1.46;1.86;;;1.68;1.59;;;2026-10-03 04:53:26;PREMATCH
03.10.2026;19:00;3245788;Olympique Khou;Atlas Khenifra;2026-10-02 22:33:11;1.62;2.84;3.95;;;;;;;;;2026-10-03 04:53:26;PREMATCH
03.10.2026;19:00;3245821;Husa Agadir;Maghreb Fes;2026-10-02 00:21:17;3.08;2.31;2.14;1.9;1.44;2.06;1.36;1.23;2.42;1.0;4.06;2026-10-03 04:53:26;PREMATCH
03.10.2026;19:00;3245839;Stade Marocain;Ittihad De Kh.;2026-10-02 22:33:11;1.81;2.76;3.25;;;;;;;;;2026-10-03 04:53:26;PREMATCH
03.10.2026;19:00;3264287;San Juan;Subiza;2026-10-02 22:52:21;1.97;2.9;2.7;1.61;1.66;;;1.51;1.79;;;2026-10-03 04:53:26;PREMATCH
03.10.2026;19:00;3277340;Tabor Sezana;Krka Novo Mesto;2026-10-02 00:21:17;1.16;4.44;7.64;1.81;1.49;;;1.86;1.46;;;2026-10-03 04:53:26;PREMATCH
03.10.2026;19:15;3175730;Lidingö;Bollstanas;2026-10-02 00:21:17;2.26;3.36;2.07;1.29;2.26;;;;;1.4;1.96;2026-10-03 04:53:26;PREMATCH
03.10.2026;19:15;3180578;Ue Cornella;Peralada;2026-10-02 22:52:21;1.51;3.14;4.12;1.75;1.53;;;1.5;1.8;;;2026-10-03 04:53:26;PREMATCH
03.10.2026;19:30;3175054;Hamilton;Peterhead;2026-10-02 00:21:17;1.19;4.25;6.84;1.76;1.53;3.51;1.07;1.84;1.47;1.25;2.35;2026-10-03 04:53:26;PREMATCH
03.10.2026;19:30;3176404;Fc Nantes (K);Montpellier (K);2026-10-02 16:37:26;1.83;3.05;2.86;1.52;1.77;;;1.64;1.64;;;2026-10-03 04:53:26;PREMATCH
03.10.2026;19:30;3176886;Strasbourg (K);Olympique Marse;2026-10-02 16:57:13;2.44;2.96;2.1;1.52;1.76;;;1.59;1.68;;;2026-10-03 04:53:26;PREMATCH
03.10.2026;19:30;3180058;Cadiz;Leganes;2026-10-02 00:21:17;2.57;2.9;2.26;1.76;1.65;2.62;1.26;1.46;2.04;1.09;3.84;2026-10-03 04:53:26;PREMATCH
03.10.2026;19:30;3180257;Yagüe;Cenicero;2026-10-02 22:52:21;1.83;3.0;2.91;1.45;1.87;;;1.72;1.56;;;2026-10-03 04:53:26;PREMATCH
03.10.2026;19:30;3180671;Sabadell;Fc Andorra;2026-10-02 00:21:17;1.88;2.93;3.28;1.69;1.71;2.88;1.21;1.54;1.89;1.14;3.4;2026-10-03 04:53:26;PREMATCH
03.10.2026;19:30;3282044;Portekiz (U19);Danimarka  U19;2026-10-02 16:14:20;1.42;3.47;4.37;;;;;;;;;2026-10-03 04:53:26;PREMATCH
03.10.2026;19:45;3179751;Unionistas De ;Cultural Leones;2026-10-02 00:21:17;2.35;2.76;2.31;1.65;1.62;2.53;1.21;1.44;1.9;1.08;3.39;2026-10-03 04:53:26;PREMATCH
03.10.2026;19:45;3180018;Alcorcon;Juventud Torrem;2026-10-02 00:21:17;1.22;4.01;6.51;1.8;1.5;3.24;1.09;1.72;1.56;1.2;2.56;2026-10-03 04:53:26;PREMATCH
03.10.2026;19:45;3180054;Cartagena;Cd Aguilas;2026-10-02 00:21:17;1.63;2.83;3.9;1.96;1.4;2.21;1.3;1.31;2.16;1.0;4.08;2026-10-03 04:53:26;PREMATCH
03.10.2026;19:45;3180157;Sant Andreu;Antequera;2026-10-02 00:21:17;1.79;2.85;3.19;1.64;1.64;2.69;1.17;1.5;1.81;1.1;3.14;2026-10-03 04:53:26;PREMATCH
03.10.2026;20:00;3176209;Moyola Park;Glenavon;2026-10-02 00:21:17;4.91;4.03;1.3;1.41;1.95;;;2.25;1.29;1.44;1.88;2026-10-03 04:53:26;PREMATCH
03.10.2026;20:00;3179536;Mixco;Municipal;2026-10-02 17:45:48;2.25;2.91;2.29;1.55;1.74;;;1.57;1.72;;;2026-10-02 20:48:21;LISTEDE_YOK
03.10.2026;20:00;3179544;L Entregu;Colunga;2026-10-02 22:52:21;1.71;2.97;3.33;1.58;1.69;;;1.58;1.71;;;2026-10-03 04:53:26;PREMATCH
03.10.2026;20:00;3179869;Estepona;Don Benito;2026-10-02 00:21:17;1.75;2.84;3.34;1.72;1.56;;;1.44;1.91;;;2026-10-03 04:53:26;PREMATCH
03.10.2026;20:00;3180112;La Solana;Cp Villarrobled;2026-10-02 18:49:43;2.73;2.8;2.0;1.72;1.57;;;1.41;1.96;;;2026-10-03 04:53:26;PREMATCH
03.10.2026;20:30;3175995;Gent (K);;2026-10-02 12:43:00;2.91;3.21;1.76;1.38;2.0;;;1.9;1.44;;;2026-10-03 04:53:26;PREMATCH
03.10.2026;20:30;3176400;;Genk (K);2026-10-02 12:43:00;1.86;3.12;2.76;1.44;1.9;;;1.77;1.52;;;2026-10-03 04:53:26;PREMATCH
03.10.2026;20:45;3180625;Defensa Justic;San Lorenzo;2026-10-02 00:21:17;1.92;2.73;3.47;2.06;1.44;2.2;1.38;1.3;2.45;1.0;5.01;2026-10-03 04:53:26;PREMATCH
03.10.2026;21:00;3158954;Tristan;Quilmes;2026-10-02 00:21:17;1.9;2.35;3.67;2.09;1.34;1.92;1.43;;;;;2026-10-03 04:53:26;PREMATCH
03.10.2026;21:00;3172677;9 De Octubre;Atletico Fc;2026-10-02 22:52:21;1.71;2.69;3.75;2.07;1.36;2.03;1.37;;;;;2026-10-03 04:53:26;PREMATCH
03.10.2026;21:00;3175137;Liniers;Excur;2026-10-02 00:21:17;3.95;2.86;1.61;1.85;1.47;;;1.37;2.01;;;2026-10-03 04:53:26;PREMATCH
03.10.2026;21:00;3175282;Dock Sud;Armenio;2026-10-02 00:21:17;2.38;2.63;2.38;1.86;1.46;2.15;1.32;;;;;2026-10-03 04:53:26;PREMATCH
03.10.2026;21:00;3175283;San Miguel;Ca Mitre;2026-10-02 00:21:17;2.01;2.52;3.04;2.12;1.33;1.89;1.44;;;;;2026-10-03 04:53:26;PREMATCH
03.10.2026;21:00;3175484;San Carlos;Arsenal Sarandi;2026-10-02 00:21:17;3.97;2.82;1.62;1.84;1.47;;;1.37;2.01;;;2026-10-03 04:53:26;PREMATCH
03.10.2026;21:00;3175516;Waalwijk;Emmen;2026-10-02 00:21:17;1.72;3.42;2.88;1.26;2.33;4.67;1.0;2.29;1.27;1.47;1.84;2026-10-03 04:53:26;PREMATCH
03.10.2026;21:00;3175577;Paraguayo;Club Mercedes;2026-10-02 22:52:21;3.03;2.61;1.96;1.92;1.43;2.11;1.34;;;;;2026-10-03 04:53:26;PREMATCH
03.10.2026;21:00;3175712;Moron;All Boys;2026-10-02 00:21:17;1.79;2.51;3.78;2.28;1.28;1.82;1.48;;;;;2026-10-03 04:53:26;PREMATCH
03.10.2026;21:00;3175720;Burzaco;De Merlo;2026-10-02 00:21:17;1.62;2.86;3.92;1.85;1.47;;;1.37;2.01;;;2026-10-03 04:53:26;PREMATCH
03.10.2026;21:00;3175795;Colon Santa Fe;Caseros;2026-10-02 00:21:17;1.72;2.61;3.88;2.25;1.29;1.87;1.45;;;;;2026-10-03 04:53:26;PREMATCH
03.10.2026;21:00;3175822;Camioneros Luj;Laferrere;2026-10-02 00:21:17;1.77;2.79;3.36;1.86;1.46;;;1.34;2.11;;;2026-10-03 04:53:26;PREMATCH
03.10.2026;21:00;3175934;Fc Eindhoven;De Graafschap;2026-10-02 00:21:17;2.46;3.47;1.89;1.21;2.55;5.17;1.0;2.51;1.22;1.58;1.71;2026-10-03 04:53:26;PREMATCH
03.10.2026;21:00;3175938;Almere City;Volendam;2026-10-02 00:21:17;1.72;3.47;2.82;1.19;2.61;5.48;1.0;2.63;1.19;1.64;1.64;2026-10-03 04:53:26;PREMATCH
03.10.2026;21:00;3175956;Acassuso;Ciudad De Bolív;2026-10-02 00:21:17;1.99;2.54;3.08;2.05;1.37;1.96;1.41;;;;;2026-10-03 04:53:26;PREMATCH
03.10.2026;21:00;3176149;Kanada;Peru;2026-10-02 00:21:17;1.4;3.47;4.52;1.74;1.54;2.85;1.15;1.58;1.7;1.14;2.92;2026-10-03 04:53:26;PREMATCH
03.10.2026;21:00;3176638;Real Pilar;Dalmine;2026-10-02 00:21:17;2.11;2.54;2.83;2.0;1.38;1.99;1.39;;;;;2026-10-03 04:53:26;PREMATCH
03.10.2026;21:00;3176642;El Porvenir;Canuelas;2026-10-02 22:52:21;2.85;2.55;2.09;2.05;1.37;1.94;1.41;;;;;2026-10-03 04:53:26;PREMATCH
03.10.2026;21:00;3176718;Unida;Beraza;2026-10-02 22:52:21;2.78;2.61;2.08;1.93;1.43;2.08;1.35;;;;;2026-10-03 04:53:26;PREMATCH
03.10.2026;21:00;3176839;Den Bosch;Dordrecht;2026-10-02 00:21:17;1.62;3.56;3.09;1.21;2.51;5.37;1.0;2.59;1.2;1.61;1.65;2026-10-03 04:53:26;PREMATCH
03.10.2026;21:00;3176868;Atl Temperley;Gimnasia Jujuy;2026-10-02 00:21:17;1.77;2.7;3.47;1.8;1.5;;;1.36;2.05;;;2026-10-03 04:53:26;PREMATCH
03.10.2026;21:00;3177040;Def Unidos;Quilmes;2026-10-02 00:21:17;2.13;2.42;2.96;2.09;1.34;1.88;1.44;;;;;2026-10-03 04:53:26;PREMATCH
03.10.2026;21:00;3245753;Codm Meknes;Kawkab Marrakec;2026-10-02 00:21:17;2.06;2.6;2.84;1.8;1.5;2.25;1.29;1.32;2.14;1.0;3.97;2026-10-03 04:53:26;PREMATCH
03.10.2026;21:00;3245754;Mouloudia;Olympique Dchei;2026-10-02 22:52:21;2.54;2.71;2.17;;;;;;;;;2026-10-03 04:53:26;PREMATCH
03.10.2026;21:00;3245817;Difaa;Wydad Casablanc;2026-10-02 00:21:17;3.26;2.77;1.8;1.79;1.51;2.36;1.25;1.37;2.03;1.05;3.72;2026-10-03 04:53:26;PREMATCH
03.10.2026;21:00;3261676;Albion;Defensor Sporti;2026-10-02 00:21:17;2.44;2.89;2.14;1.61;1.66;;;1.5;1.81;;;2026-10-03 04:53:26;PREMATCH
03.10.2026;21:00;3278030;Newells Old Bo;River Plate (K);2026-10-02 16:57:13;4.24;3.13;1.5;;;;;;;;;2026-10-03 04:53:26;PREMATCH
03.10.2026;21:30;3175078;Catania;Crotone;2026-10-02 00:21:17;1.34;3.47;5.4;1.73;1.55;3.05;1.12;1.64;1.63;1.17;2.72;2026-10-03 04:53:26;PREMATCH
03.10.2026;21:30;3175726;Ospitaletto;Renate;2026-10-02 00:21:17;1.84;2.77;3.14;1.51;1.79;3.03;1.12;1.6;1.66;1.16;2.75;2026-10-03 04:53:26;PREMATCH
03.10.2026;21:30;3175815;Folgore Carate;Calvina;2026-10-02 00:21:17;1.98;2.64;2.96;1.72;1.56;2.42;1.23;1.38;2.0;1.06;3.61;2026-10-03 04:53:26;PREMATCH
03.10.2026;21:30;3176920;Pro Vercelli;Athletic Carpi;2026-10-02 00:21:17;1.95;2.93;2.71;1.46;1.86;3.2;1.1;1.69;1.58;1.2;2.58;2026-10-03 04:53:26;PREMATCH
03.10.2026;21:30;3180258;Calamocha;Atletico Astorg;2026-10-02 00:21:17;2.62;2.77;2.08;1.71;1.58;;;1.41;1.95;;;2026-10-03 04:53:26;PREMATCH
03.10.2026;21:30;3278002;Lanus (K);Sat (K);2026-10-02 16:57:13;3.15;2.72;1.86;1.83;1.48;;;1.34;2.1;;;2026-10-03 04:53:26;PREMATCH
03.10.2026;21:30;3283252;Birlesik Arap ;Umman;2026-10-02 22:33:11;1.4;3.33;4.83;;;;;;;;;2026-10-03 04:53:26;PREMATCH
03.10.2026;21:45;3175306;Amiens;Villefranche;2026-10-02 00:21:17;1.5;3.25;4.09;1.67;1.6;2.88;1.15;1.58;1.7;1.14;2.91;2026-10-03 04:53:26;PREMATCH
03.10.2026;21:45;3175321;K. Makedonya;İskoçya;2026-10-02 00:21:17;4.26;3.23;1.58;1.86;1.57;2.74;1.23;1.51;1.94;1.11;3.61;2026-10-03 04:53:26;PREMATCH
03.10.2026;21:45;3175341;La Roche Sur Y;Aubagne Air Bel;2026-10-02 00:21:17;1.48;3.39;3.96;1.6;1.67;3.09;1.11;1.66;1.61;1.17;2.68;2026-10-03 04:53:26;PREMATCH
03.10.2026;21:45;3175658;Cannes;Quevilly-Rouen;2026-10-02 00:21:17;1.53;3.17;3.91;1.72;1.55;2.69;1.17;1.51;1.79;1.1;3.14;2026-10-03 04:53:26;PREMATCH
03.10.2026;21:45;3175749;Concarneau;Paris 13 Atleti;2026-10-02 00:21:17;1.59;2.97;3.87;1.85;1.47;2.41;1.24;1.39;1.98;1.06;3.61;2026-10-03 04:53:26;PREMATCH
03.10.2026;21:45;3176000;Fc Fleury 91;Caen;2026-10-02 00:21:17;2.16;3.05;2.32;1.34;2.11;3.83;1.0;1.93;1.42;1.31;2.17;2026-10-03 04:53:26;PREMATCH
03.10.2026;21:45;3176010;Versailles;Valenciennes;2026-10-02 00:21:17;1.65;3.14;3.36;1.48;1.83;3.32;1.09;1.74;1.54;1.22;2.49;2026-10-03 04:53:26;PREMATCH
03.10.2026;21:45;3176232;İspanya;Çekya;2026-10-02 00:21:17;1.0;11.1;17.5;2.37;1.32;6.9;1.0;3.05;1.18;1.78;1.63;2026-10-03 04:53:26;PREMATCH
03.10.2026;21:45;3176403;İsviçre;Slovenya;2026-10-02 00:21:17;1.2;4.48;8.35;2.14;1.41;3.19;1.16;1.68;1.72;1.18;3.02;2026-10-03 04:53:26;PREMATCH
03.10.2026;21:45;3176446;Le Puy;Thionville Lusi;2026-10-02 00:21:17;1.74;3.05;3.12;1.47;1.85;3.29;1.09;1.72;1.56;1.22;2.51;2026-10-03 04:53:26;PREMATCH
03.10.2026;21:45;3176655;Rouen;Bourg Peronnas;2026-10-02 00:21:17;1.28;3.75;5.85;1.87;1.45;2.89;1.14;1.59;1.69;1.14;2.89;2026-10-03 04:53:26;PREMATCH
03.10.2026;22:00;3175397;Atletico Goian;America Mineiro;2026-10-02 00:21:17;1.21;4.05;6.76;1.86;1.46;3.16;1.1;1.7;1.58;1.19;2.62;2026-10-03 04:53:26;PREMATCH
03.10.2026;22:00;3175874;Paris (K);Lens (K);2026-10-02 16:37:26;1.05;5.38;11.4;1.84;1.47;;;;;1.43;1.92;2026-10-03 04:53:26;PREMATCH
03.10.2026;22:00;3176732;Rionegro Aguil;Jaguares;2026-10-02 00:21:17;1.37;3.47;4.82;1.71;1.57;;;1.63;1.65;;;2026-10-03 04:53:26;PREMATCH
03.10.2026;22:00;3180241;Athletic Club ;Greenville Triu;2026-10-02 22:52:21;1.35;3.73;4.71;;;;;;;;;2026-10-03 04:53:26;PREMATCH
03.10.2026;22:00;3278025;Fildişi Sahili;Kamerun;2026-10-02 00:21:17;1.66;2.65;4.08;;;;;;;;;2026-10-03 04:53:26;PREMATCH
03.10.2026;22:30;3258034;São Paulo (K);Corinthians (K);2026-10-02 00:21:17;2.7;2.78;2.03;;;;;;;;;2026-10-03 04:53:26;PREMATCH
03.10.2026;23:00;3175495;Cuiaba;Ponte Preta;2026-10-02 00:21:17;1.0;6.15;12.95;1.97;1.4;;;2.24;1.29;1.44;1.9;2026-10-03 04:53:26;PREMATCH
03.10.2026;23:00;3176383;Forge;Hfx Wanderers;2026-10-02 00:21:17;1.3;3.81;5.29;1.55;1.73;3.78;1.0;1.93;1.42;1.3;2.2;2026-10-03 04:53:26;PREMATCH
03.10.2026;23:00;3180642;Atletico Tucum;Barracas;2026-10-02 00:21:17;1.75;2.76;4.14;2.15;1.4;2.16;1.4;1.29;2.49;1.0;5.12;2026-10-03 04:53:26;PREMATCH
03.10.2026;23:00;3180706;Newells Old Bo;Lanus;2026-10-02 00:21:17;2.58;2.68;2.41;2.0;1.48;2.18;1.39;1.3;2.46;1.0;5.06;2026-10-03 04:53:26;PREMATCH
03.10.2026;23:00;3193526;Santa Cruz;Maringa;2026-10-02 00:21:17;2.21;2.49;2.7;1.81;1.49;2.21;1.3;1.31;2.17;;;2026-10-03 04:53:26;PREMATCH
03.10.2026;23:00;3193556;Floresta;Botafogo Pb;2026-10-02 00:21:17;2.17;2.54;2.71;1.98;1.39;2.0;1.38;;;;;2026-10-03 04:53:26;PREMATCH
03.10.2026;23:00;3245782;Raja Casablanc;Cr Khemis Zemam;2026-10-02 00:21:17;1.37;3.24;5.49;2.03;1.37;2.42;1.23;1.4;1.96;1.06;3.58;2026-10-03 04:53:26;PREMATCH
03.10.2026;23:00;3278006;Talleres De Co;Independiente (;2026-10-02 16:57:13;1.16;4.4;7.46;;;;;;;;;2026-10-03 04:53:26;PREMATCH
03.10.2026;23:00;3278034;Boca Juniors (;San Luis (K);2026-10-02 16:57:13;1.36;3.42;5.22;;;;;;;;;2026-10-03 04:53:26;PREMATCH
03.10.2026;23:30;3173007;Real Santander;Union Magdalena;2026-10-02 00:21:17;3.12;3.04;1.74;1.58;1.7;;;1.58;1.7;;;2026-10-03 04:53:26;PREMATCH
03.10.2026;23:30;3176353;Patriotas;Independiente Y;2026-10-02 22:52:21;1.52;3.19;3.97;1.78;1.51;;;1.48;1.84;;;2026-10-03 04:53:26;PREMATCH
03.10.2026;23:30;3241289;Ldu Portoviejo;El Nacional;2026-10-02 22:11:22;1.37;3.36;5.07;1.83;1.48;;;1.52;1.77;;;2026-10-03 04:53:26;PREMATCH
04.10.2026;00:00;3175180;Sint Maarten;Saint Vincent V;2026-10-03 00:07:03;3.4;3.01;1.68;1.67;1.6;2.69;1.17;1.5;1.8;1.1;3.15;2026-10-03 04:53:29;PREMATCH
04.10.2026;00:00;3175977;Aguila;Cacahuatique;2026-10-03 00:07:03;1.37;3.39;5.03;1.71;1.57;;;1.63;1.65;;;2026-10-03 04:53:29;PREMATCH
04.10.2026;00:00;3179268;Coban Imperial;Malacateco;2026-10-03 00:07:03;1.47;3.13;4.45;1.71;1.57;;;1.55;1.73;;;2026-10-03 04:53:29;PREMATCH
04.10.2026;00:00;3203988;Export Sebaco;Matagalpa;2026-10-03 00:07:03;1.87;3.04;2.88;1.47;1.88;;;1.72;1.58;;;2026-10-03 04:53:29;PREMATCH
04.10.2026;00:00;3261739;Deportivo Mald;Central Espanol;2026-10-03 00:07:03;1.44;3.3;4.52;1.79;1.51;;;1.51;1.78;;;2026-10-03 04:53:29;PREMATCH
04.10.2026;00:05;3176100;Deportes Tolim;Chico;2026-10-03 00:07:03;1.16;4.23;7.91;2.05;1.37;;;1.64;1.64;;;2026-10-03 04:53:29;PREMATCH
04.10.2026;00:30;3175142;Botafogo Ribei;Vila Nova;2026-10-03 00:07:03;2.11;2.62;2.73;1.8;1.5;2.24;1.29;1.32;2.14;1.0;3.99;2026-10-03 04:53:29;PREMATCH
04.10.2026;00:30;3245752;Atletico Mg;Bragantino;2026-10-03 00:07:03;1.89;3.06;3.11;1.51;1.93;3.5;1.12;1.76;1.65;1.23;2.73;2026-10-03 04:53:29;PREMATCH
04.10.2026;01:00;3175377;Loudoun United;Indy Eleven;2026-10-03 00:07:03;2.0;3.16;2.46;1.33;2.13;3.92;1.0;1.98;1.39;1.33;2.13;2026-10-03 04:53:29;PREMATCH
04.10.2026;01:00;3176202;Chattanooga Re;Corpus Christi;2026-10-03 00:07:03;1.69;3.14;3.2;1.47;1.85;;;1.75;1.53;;;2026-10-03 04:53:29;PREMATCH
04.10.2026;01:00;3176324;Richmond Kicke;One Knoxville;2026-10-03 00:07:03;3.47;3.35;1.58;1.4;1.96;;;1.94;1.42;;;2026-10-03 04:53:29;PREMATCH
04.10.2026;01:30;3193519;Inter De Limer;Brusque;2026-10-03 00:07:03;1.58;3.03;3.82;1.79;1.51;;;1.44;1.9;;;2026-10-03 04:53:29;PREMATCH
04.10.2026;01:30;3193529;Paysandu;Ferroviaria;2026-10-03 00:07:03;2.04;2.85;2.62;1.59;1.68;;;1.51;1.79;;;2026-10-03 04:53:29;PREMATCH
04.10.2026;01:30;3250413;Eastern Suburb;Auckland City;2026-10-03 00:07:03;2.12;2.88;2.48;1.46;1.86;;;1.66;1.61;;;2026-10-03 04:53:29;PREMATCH
04.10.2026;02:00;3175013;Detroit City;Birmingham Legi;2026-10-03 00:07:03;1.45;3.54;3.96;1.53;1.76;3.4;1.08;1.79;1.51;1.23;2.42;2026-10-03 04:53:29;PREMATCH
04.10.2026;02:00;3175519;Lexington;El Paso Locomot;2026-10-03 00:07:03;1.63;3.3;3.29;1.42;1.93;3.66;1.05;1.88;1.44;1.28;2.27;2026-10-03 04:53:29;PREMATCH
04.10.2026;02:00;3175719;Naples;New York Cosmos;2026-10-03 00:07:03;1.85;3.21;2.7;1.34;2.1;;;1.98;1.39;;;2026-10-03 04:53:29;PREMATCH
04.10.2026;02:00;3175992;Isidro Metapan;Balboa;2026-10-03 00:07:03;1.37;3.45;4.89;1.76;1.53;;;1.58;1.69;;;2026-10-03 04:53:29;PREMATCH
04.10.2026;02:00;3176238;Brooklyn;Rhode Island;2026-10-03 00:07:03;3.63;3.43;1.52;1.45;1.86;3.6;1.06;1.86;1.46;1.27;2.3;2026-10-03 04:53:29;PREMATCH
04.10.2026;02:00;3176535;Queretaro (K);Atletico San Lu;2026-10-03 00:07:03;3.54;3.43;1.54;1.37;2.02;;;2.03;1.37;;;2026-10-03 04:53:29;PREMATCH
04.10.2026;02:00;3176667;Westchester Sc;Alta;2026-10-03 00:07:03;1.6;3.42;3.26;1.3;2.21;;;;;1.44;1.9;2026-10-03 04:53:29;PREMATCH
04.10.2026;02:10;3215673;Barranguilla;Los Millionario;2026-10-03 00:07:03;6.06;3.47;1.3;1.65;1.63;;;1.78;1.51;;;2026-10-03 04:53:29;PREMATCH
04.10.2026;02:30;3175300;Tampa Bay Rowd;Miami Fc;2026-10-03 00:07:03;1.19;4.44;6.32;1.6;1.67;4.01;1.0;2.05;1.37;1.35;2.08;2026-10-03 04:53:29;PREMATCH
04.10.2026;02:30;3176331;Sarasota Parad;Charlotte Indep;2026-10-03 00:07:03;2.13;3.19;2.28;1.29;2.25;;;;;1.39;1.99;2026-10-03 04:53:29;PREMATCH
04.10.2026;02:30;3176770;Fort Wayne;Forward Madison;2026-10-03 00:07:03;2.01;3.09;2.49;1.38;2.01;;;1.86;1.46;;;2026-10-03 04:53:29;PREMATCH
04.10.2026;03:00;3179410;Tulsa Roughnec;Sacramento Repu;2026-10-03 00:07:03;2.43;2.74;2.24;1.73;1.55;2.38;1.24;1.38;2.01;1.05;3.68;2026-10-03 04:53:29;PREMATCH
04.10.2026;03:00;3261711;Arjantin;Burkina Faso;2026-10-03 00:07:03;1.0;6.12;12.8;2.07;1.35;4.05;1.0;2.11;1.34;1.37;2.03;2026-10-03 04:53:29;PREMATCH
04.10.2026;03:00;3273828;Walter Ferrett;Jalapa;2026-10-03 00:07:03;1.57;3.17;3.69;1.54;1.74;;;1.69;1.58;;;2026-10-03 04:53:29;PREMATCH
04.10.2026;04:00;3179422;Colorado Sprin;Oakland Roots;2026-10-03 00:07:03;1.44;3.52;4.09;1.48;1.84;3.67;1.05;1.89;1.44;1.29;2.26;2026-10-03 04:53:29;PREMATCH
04.10.2026;04:00;3179812;Piratas;Alebrijes;2026-10-03 00:07:03;1.12;4.69;8.62;1.98;1.39;;;1.79;1.51;;;2026-10-03 04:53:29;PREMATCH
04.10.2026;04:00;3179947;Monarcas;Tlaxcala;2026-10-03 00:07:03;1.29;4.0;5.08;1.5;1.8;;;2.05;1.37;;;2026-10-03 04:53:29;PREMATCH
04.10.2026;04:00;3180134;Cancun Fc;Cd Tapatio;2026-10-03 00:07:03;1.49;3.5;3.79;1.44;1.88;;;1.92;1.43;;;2026-10-03 04:53:29;PREMATCH
04.10.2026;04:00;3180260;Spokane Veloci;Portland Hearts;2026-10-03 00:07:03;1.41;3.58;4.24;1.44;1.89;;;1.99;1.39;;;2026-10-03 04:53:29;PREMATCH
04.10.2026;04:00;3180572;Durango;Zacatecas;2026-10-03 00:07:03;1.82;3.05;2.9;1.52;1.77;;;1.64;1.64;;;2026-10-03 04:53:29;PREMATCH
04.10.2026;04:00;3180595;Alianza;Firpo;2026-10-03 00:07:03;2.3;2.76;2.35;1.58;1.7;;;1.51;1.79;;;2026-10-03 04:53:29;PREMATCH
04.10.2026;04:06;3179508;Tijuana (K);Atlante (K);2026-10-03 00:07:03;1.39;3.65;4.38;1.52;1.76;;;1.86;1.46;;;2026-10-03 04:53:29;PREMATCH
04.10.2026;04:20;3176643;Real Cartagena;Centauros;2026-10-03 00:07:03;1.23;4.12;5.98;1.71;1.57;;;1.81;1.49;;;2026-10-03 04:53:29;PREMATCH
04.10.2026;05:00;3175857;Belize;Fransiz Guyanas;2026-10-03 00:07:03;2.28;2.92;2.28;1.74;1.54;2.39;1.24;1.39;1.98;1.05;3.65;2026-10-03 04:53:29;PREMATCH
04.10.2026;05:00;3179391;Orange County ;Monterey Bay;2026-10-03 00:07:03;1.73;3.19;3.01;1.4;1.96;3.62;1.06;1.86;1.46;1.28;2.28;2026-10-03 04:53:29;PREMATCH
04.10.2026;05:00;3179397;Abd;Meksika;2026-10-03 00:07:03;2.2;2.95;2.34;1.45;1.87;3.2;1.09;1.69;1.58;1.2;2.58;2026-10-03 04:53:29;PREMATCH
04.10.2026;05:00;3180140;Xelaju;Deportivo San P;2026-10-03 00:07:03;1.3;3.63;5.75;1.78;1.51;;;1.65;1.63;;;2026-10-03 04:53:29;PREMATCH
04.10.2026;05:30;3180031;Las Vegas Ligh;San Antonio;2026-10-03 00:07:03;2.0;2.99;2.57;1.49;1.82;3.1;1.11;1.65;1.62;1.18;2.68;2026-10-03 04:53:29;PREMATCH
04.10.2026;06:10;3179381;Necaxa (K);Cruz Azul (K);2026-10-03 00:07:03;17.5;9.67;1.0;1.88;1.44;;;;;1.93;1.42;2026-10-03 04:53:29;PREMATCH
04.10.2026;07:00;3179263;Vanraure;Yokohama Fc;2026-10-03 00:07:03;3.72;3.12;1.58;1.62;1.65;2.91;1.14;1.58;1.69;1.15;2.86;2026-10-03 04:53:29;PREMATCH
04.10.2026;07:00;3179393;Okinawa Sv;Urayasu;2026-10-03 00:07:03;1.59;3.25;3.48;1.57;1.72;;;1.65;1.62;;;2026-10-03 04:53:29;PREMATCH
04.10.2026;07:00;3179470;Sapporo;Iwaki;2026-10-03 00:07:03;2.04;3.07;2.46;1.4;1.97;3.49;1.07;1.81;1.5;1.25;2.36;2026-10-03 04:53:29;PREMATCH
04.10.2026;07:00;3179491;J-Lease Fc;Tiamo Hirakata;2026-10-03 00:07:03;2.17;3.01;2.32;1.45;1.87;;;1.71;1.58;;;2026-10-03 04:53:29;PREMATCH
04.10.2026;07:00;3180319;Maruyasu Indus;Reinmeer Aomori;2026-10-03 00:07:03;2.62;2.83;2.06;1.69;1.58;;;1.43;1.93;;;2026-10-03 04:53:29;PREMATCH
04.10.2026;08:00;3179285;Blaublitz Akit;Sagan Tosu;2026-10-03 00:07:03;2.72;2.81;2.0;1.68;1.6;2.52;1.21;1.44;1.9;1.08;3.4;2026-10-03 04:53:29;PREMATCH
04.10.2026;08:00;3179790;Dangjin Citize;Gyeongju Hnp;2026-10-03 00:07:03;2.58;3.2;1.91;1.4;1.96;;;1.83;1.48;;;2026-10-03 04:53:29;PREMATCH
04.10.2026;08:00;3180051;Kamatamare San;Tochigi Sc;2026-10-03 00:07:03;2.83;2.97;1.88;1.57;1.72;;;1.57;1.71;;;2026-10-03 04:53:29;PREMATCH
04.10.2026;08:00;3180280;Mokpo City;Busan Transport;2026-10-03 00:07:03;2.83;2.93;1.9;1.49;1.81;;;1.65;1.62;;;2026-10-03 04:53:29;PREMATCH
04.10.2026;09:00;3179843;Sendai;Iwata;2026-10-03 00:07:03;1.93;2.92;2.75;1.57;1.71;2.83;1.16;1.55;1.73;1.13;2.97;2026-10-03 04:53:29;PREMATCH
04.10.2026;11:30;3179413;Petrzalka;Malzenice;2026-10-03 00:07:03;1.24;4.03;5.82;1.62;1.65;;;1.91;1.44;;;2026-10-03 04:53:29;PREMATCH
04.10.2026;12:00;3179345;Deportiva Mine;La Nucia;2026-10-03 00:07:03;2.31;2.64;2.42;1.68;1.59;;;1.4;1.97;;;2026-10-03 04:53:29;PREMATCH
04.10.2026;12:00;3179967;Kagoshima Unit;Fukushima Unite;2026-10-03 00:07:03;1.27;3.96;5.43;1.51;1.78;;;2.04;1.37;;;2026-10-03 04:53:29;PREMATCH
04.10.2026;12:00;3180023;Yokohama Scc;Criacao Shinjuk;2026-10-03 00:07:03;2.29;2.79;2.33;1.53;1.76;;;1.57;1.72;;;2026-10-03 04:53:29;PREMATCH
04.10.2026;12:00;3180606;Honved Ii;Iii Keruleti Tv;2026-10-03 00:07:03;3.51;3.63;1.51;1.37;2.03;;;;;1.37;2.03;2026-10-03 04:53:29;PREMATCH
04.10.2026;12:30;3179780;Sevilla B;Cd Badajoz;2026-10-03 00:07:03;1.8;2.78;3.23;1.65;1.63;;;1.48;1.83;;;2026-10-03 04:53:29;PREMATCH
04.10.2026;12:30;3180116;Valencia Ii;Pena Deportiva;2026-10-03 00:07:03;1.65;3.05;3.44;1.56;1.72;;;1.63;1.65;;;2026-10-03 04:53:29;PREMATCH
04.10.2026;12:45;3180512;Castellonense;Real Murcia Ii;2026-10-03 00:07:03;1.55;3.22;3.73;1.65;1.62;;;1.58;1.71;;;2026-10-03 04:53:29;PREMATCH
04.10.2026;13:00;3179384;Atletico Balea;Poblense;2026-10-03 00:07:03;1.53;3.01;4.2;1.89;1.44;;;1.38;2.0;;;2026-10-03 04:53:29;PREMATCH
04.10.2026;13:00;3179469;Intercity;Yeclano;2026-10-03 00:07:03;1.8;2.63;3.47;1.8;1.5;;;1.35;2.08;;;2026-10-03 04:53:29;PREMATCH
04.10.2026;13:00;3179507;Villarreal B;Ud Ibiza;2026-10-03 00:07:03;1.68;2.99;3.42;1.58;1.69;2.91;1.14;1.58;1.7;1.15;2.87;2026-10-03 04:53:29;PREMATCH
04.10.2026;13:00;3179556;Huelva;Las Palmas Ii;2026-10-03 00:07:03;1.36;3.34;5.33;1.86;1.46;;;1.51;1.78;;;2026-10-03 04:53:29;PREMATCH
04.10.2026;13:00;3179624;Nacka Iliria;Karlslunds If;2026-10-03 00:07:03;1.42;3.75;3.96;;;;;;;;;2026-10-03 04:53:29;PREMATCH
04.10.2026;13:00;3179683;Rsd Alcala;Navalcarnero;2026-10-03 00:07:03;1.8;2.97;3.02;1.62;1.65;;;1.51;1.78;;;2026-10-03 04:53:29;PREMATCH
04.10.2026;13:00;3179804;Lhospitalet;Mollerussa;2026-10-03 00:07:03;1.44;3.2;4.68;1.86;1.46;;;1.46;1.86;;;2026-10-03 04:53:29;PREMATCH
04.10.2026;13:00;3179897;Real Valladoli;Calvo Sotelo;2026-10-03 00:07:03;1.51;3.32;3.92;1.62;1.65;;;1.64;1.64;;;2026-10-03 04:53:29;PREMATCH
04.10.2026;13:00;3179912;Sanluqueno;Mijas Las Lagun;2026-10-03 00:07:03;1.87;2.85;2.95;1.63;1.65;;;1.49;1.81;;;2026-10-03 04:53:29;PREMATCH
04.10.2026;13:00;3179973;San Cristobal;Grama;2026-10-03 00:07:03;2.83;2.74;1.99;1.72;1.57;;;1.4;1.97;;;2026-10-03 04:53:29;PREMATCH
04.10.2026;13:00;3180016;A.Bilbao B;Extremadura 192;2026-10-03 00:07:03;1.72;2.98;3.29;1.64;1.64;2.74;1.16;1.51;1.78;1.11;3.08;2026-10-03 04:53:29;PREMATCH
04.10.2026;13:00;3180056;Murcia;Tarragona;2026-10-03 00:07:03;1.54;3.19;3.87;1.6;1.67;3.02;1.12;1.63;1.65;1.16;2.75;2026-10-03 04:53:29;PREMATCH
04.10.2026;13:00;3180073;Mallorca B;Alcoyano;2026-10-03 00:07:03;3.0;2.49;2.05;1.93;1.43;2.07;1.35;;;;;2026-10-03 04:53:29;PREMATCH
04.10.2026;13:00;3180164;Tegevajaro Miy;Omiya;2026-10-03 00:07:03;2.28;2.98;2.23;1.43;1.92;3.32;1.09;1.73;1.55;1.22;2.49;2026-10-03 04:53:29;PREMATCH
04.10.2026;13:00;3180167;Montanesa;Lescala;2026-10-03 00:07:03;1.64;3.01;3.59;1.72;1.56;;;1.47;1.85;;;2026-10-03 04:53:29;PREMATCH
04.10.2026;13:00;3180288;Xerez;Tenerife Ii;2026-10-03 00:07:03;1.76;2.84;3.32;1.74;1.54;;;1.42;1.94;;;2026-10-03 04:53:29;PREMATCH
04.10.2026;13:00;3180314;Getafe Ii;Numancia;2026-10-03 00:07:03;2.74;2.64;2.08;1.8;1.5;;;1.33;2.14;;;2026-10-03 04:53:29;PREMATCH
04.10.2026;13:00;3180468;Ud Logrones;Dep. Fabril;2026-10-03 00:07:03;1.39;3.33;4.94;1.78;1.51;2.81;1.16;1.55;1.73;1.13;2.98;2026-10-03 04:53:29;PREMATCH
04.10.2026;13:00;3180471;Ss Reyes;Real Avila;2026-10-03 00:07:03;1.86;2.82;3.03;1.76;1.53;;;1.39;1.99;;;2026-10-03 04:53:29;PREMATCH
04.10.2026;13:00;3180636;Tenerife (K);Logrono (K);2026-10-03 00:07:03;1.81;2.91;3.05;1.55;1.73;;;1.58;1.69;;;2026-10-03 04:53:29;PREMATCH
04.10.2026;13:00;3180657;Granada (K);Eibar (K);2026-10-03 00:07:03;1.73;2.89;3.34;1.74;1.54;;;1.42;1.93;;;2026-10-03 04:53:29;PREMATCH
04.10.2026;13:00;3206380;Farense;Chaves;2026-10-03 00:07:03;1.9;2.95;2.79;1.55;1.72;2.89;1.14;1.58;1.7;1.14;2.89;2026-10-03 04:53:29;PREMATCH
04.10.2026;13:30;3179357;Napoli (K);Como (K);2026-10-03 00:07:03;2.5;3.04;2.02;1.51;1.79;;;1.64;1.64;;;2026-10-03 04:53:29;PREMATCH
04.10.2026;13:30;3180060;Treviso;Giana Erminio;2026-10-03 00:07:03;1.51;2.99;4.38;1.74;1.55;2.7;1.17;1.5;1.8;1.11;3.13;2026-10-03 04:53:29;PREMATCH
04.10.2026;13:30;3180113;Lecco;Union Brescia;2026-10-03 00:07:03;3.58;2.86;1.69;1.76;1.53;2.49;1.22;1.42;1.93;1.07;3.46;2026-10-03 04:53:29;PREMATCH
04.10.2026;14:00;3176062;Znicz Pruszkow;Stal S Wola;2026-10-03 00:07:03;1.7;3.25;3.07;1.35;2.07;3.97;1.0;2.0;1.38;1.34;2.1;2026-10-03 04:53:29;PREMATCH
04.10.2026;14:00;3179320;Tamaraceite;Antoniano;2026-10-03 00:07:03;2.42;2.8;2.21;1.68;1.59;;;1.43;1.92;;;2026-10-03 04:53:29;PREMATCH
04.10.2026;14:00;3179329;Cd Marino;Playas Sotavent;2026-10-03 00:07:03;1.58;3.19;3.61;1.62;1.65;;;1.59;1.68;;;2026-10-03 04:53:29;PREMATCH
04.10.2026;14:00;3179551;Angby;Helges;2026-10-03 00:07:03;1.17;4.82;6.27;;;;;;;;;2026-10-03 04:53:29;PREMATCH
04.10.2026;14:00;3179797;Astrio;Frolunda;2026-10-03 00:07:03;3.76;3.92;1.43;;;;;;;;;2026-10-03 04:53:29;PREMATCH
04.10.2026;14:00;3180110;Fransta;Storfors;2026-10-03 00:07:03;1.7;3.52;2.87;;;;;;;;;2026-10-03 04:53:29;PREMATCH
04.10.2026;14:00;3180274;Korsnas If Fk;Franke;2026-10-03 00:07:03;2.59;3.44;1.83;;;;;;;;;2026-10-03 04:53:29;PREMATCH
04.10.2026;14:30;3271779;Veles;Volga Ulyanovsk;2026-10-03 00:07:03;2.07;2.88;2.56;1.68;1.59;;;1.44;1.9;;;2026-10-03 04:53:29;PREMATCH
04.10.2026;14:45;3180029;Wolfsburg (K);Hamburger Sv (K;2026-10-03 00:07:03;1.0;8.14;11.7;1.64;1.64;;;;;1.82;1.49;2026-10-03 04:53:29;PREMATCH
04.10.2026;15:00;3179441;Thisted;Roskilde;2026-10-03 00:07:03;3.33;3.36;1.6;1.46;1.86;3.48;1.07;1.82;1.49;1.25;2.37;2026-10-03 04:53:29;PREMATCH
04.10.2026;15:00;3179452;Karlskrona;Linero;2026-10-03 00:07:03;1.26;4.33;5.03;;;;;;;;;2026-10-03 04:53:29;PREMATCH
04.10.2026;15:00;3179902;Ahlafors If;Motala Aif Fk;2026-10-03 00:07:03;1.51;3.58;3.55;;;;;;;;;2026-10-03 04:53:29;PREMATCH
04.10.2026;15:00;3180385;Djurgarden (K);Aik (K);2026-10-03 00:07:03;2.64;3.09;1.92;1.41;1.94;;;1.79;1.51;;;2026-10-03 04:53:29;PREMATCH
04.10.2026;15:00;3180499;Ifk Berga;Österlen;2026-10-03 00:07:03;1.8;3.39;2.69;;;;;;;;;2026-10-03 04:53:29;PREMATCH
04.10.2026;15:00;3180685;Real Sociedad ;Granada;2026-10-03 00:07:03;2.28;2.96;2.49;1.57;1.86;3.18;1.16;1.65;1.75;1.18;3.03;2026-10-03 04:53:29;PREMATCH
04.10.2026;15:15;3180464;Huesca;Europa;2026-10-03 00:07:03;1.5;3.19;4.12;1.76;1.52;2.66;1.18;1.5;1.8;1.1;3.19;2026-10-03 04:53:29;PREMATCH
04.10.2026;15:30;3179341;Vvv Venlo;Roda;2026-10-03 00:07:03;2.08;3.27;2.28;1.3;2.19;4.1;1.0;2.07;1.36;1.37;2.04;2026-10-03 04:53:29;PREMATCH
04.10.2026;15:30;3179807;Nuova Monteros;Pineto;2026-10-03 00:07:03;1.82;2.8;3.16;1.74;1.54;2.44;1.23;1.4;1.97;1.06;3.55;2026-10-03 04:53:29;PREMATCH
04.10.2026;15:30;3180094;Bryne;Lyn Oslo;2026-10-03 00:07:03;1.63;3.38;3.19;1.32;2.14;;;2.12;1.33;1.39;1.98;2026-10-03 04:53:29;PREMATCH
04.10.2026;15:30;3180339;Pianese;Ravenna;2026-10-03 00:07:03;4.2;3.16;1.5;1.67;1.6;2.88;1.15;1.58;1.71;1.14;2.9;2026-10-03 04:53:29;PREMATCH
04.10.2026;15:30;3180363;Campobasso;Sassari Torres;2026-10-03 00:07:03;1.93;2.83;2.86;1.51;1.78;2.99;1.13;1.6;1.67;1.16;2.78;2026-10-03 04:53:29;PREMATCH
04.10.2026;15:30;3180443;Cosenza;Foggia;2026-10-03 00:07:03;2.46;2.7;2.24;1.59;1.68;2.68;1.18;1.48;1.83;1.1;3.16;2026-10-03 04:53:29;PREMATCH
04.10.2026;16:00;3175546;Fleury 91 (K);Psg (K);2026-10-03 00:07:03;7.11;4.1;1.19;1.88;1.44;;;1.71;1.58;;;2026-10-03 04:53:29;PREMATCH
04.10.2026;16:00;3179474;Ac Milan (K);Juventus (K);2026-10-03 00:07:03;4.17;3.44;1.44;1.59;1.68;;;1.71;1.58;;;2026-10-03 04:53:29;PREMATCH
04.10.2026;16:00;3179509;Brighton & Hov;Charlton Athlet;2026-10-03 00:07:03;1.09;5.43;8.0;1.59;1.69;;;;;1.51;1.79;2026-10-03 04:53:29;PREMATCH
04.10.2026;16:00;3179712;Tottenham Hots;London City (K);2026-10-03 00:07:03;2.16;3.03;2.33;1.46;1.86;;;1.7;1.58;;;2026-10-03 04:53:29;PREMATCH
04.10.2026;16:00;3179759;Ifk Trelleborg;Rappe;2026-10-03 00:07:03;1.17;4.69;6.38;;;;;;;;;2026-10-03 04:53:29;PREMATCH
04.10.2026;16:00;3180002;Azerbaycan;Litvanya;2026-10-03 00:07:03;2.04;2.77;3.09;2.02;1.47;2.21;1.38;1.31;2.42;1.0;4.94;2026-10-03 04:53:29;PREMATCH
04.10.2026;16:00;3180159;Hammarby (K);Brommapojkarna ;2026-10-03 00:07:03;1.0;6.44;11.9;1.72;1.57;;;;;1.63;1.64;2026-10-03 04:53:29;PREMATCH
04.10.2026;16:00;3180252;Bistrica;Rudar;2026-10-03 00:07:03;2.22;3.13;2.2;1.37;2.01;;;1.86;1.46;;;2026-10-03 04:53:29;PREMATCH
04.10.2026;16:00;3180321;Everton (K);Birmingham City;2026-10-03 00:07:03;1.59;3.32;3.39;1.48;1.83;;;1.79;1.51;;;2026-10-03 04:53:29;PREMATCH
04.10.2026;16:00;3180347;Malmö Ff (K);Rosengard (K);2026-10-03 00:07:03;1.37;3.62;4.62;1.53;1.76;;;1.86;1.45;;;2026-10-03 04:53:29;PREMATCH
04.10.2026;16:00;3180419;Aston Villa (K;Crystal Palace ;2026-10-03 00:07:03;1.54;3.48;3.51;1.44;1.89;;;1.9;1.44;;;2026-10-03 04:53:29;PREMATCH
04.10.2026;16:00;3180422;West Ham Unite;Chelsea (K);2026-10-03 00:07:03;11.2;6.41;1.0;1.73;1.55;;;;;1.58;1.71;2026-10-03 04:53:29;PREMATCH
04.10.2026;16:00;3261743;Danubio;Cerro Largo;2026-10-03 00:07:03;1.76;2.83;3.32;1.81;1.49;;;1.37;2.04;;;2026-10-03 04:53:29;PREMATCH
04.10.2026;17:00;3175211;Bellinzona;Zürich Ii;2026-10-03 00:07:03;1.89;3.24;2.59;;;;;;;;;2026-10-03 04:53:29;PREMATCH
04.10.2026;17:00;3176771;Bangor Fc;Coleraine;2026-10-03 00:07:03;9.23;5.5;1.08;1.65;1.62;4.87;1.0;2.41;1.23;1.51;1.78;2026-10-03 04:53:29;PREMATCH
04.10.2026;17:00;3179350;Stuttgart (K);Union Berlin (K;2026-10-03 00:07:03;2.38;3.22;2.03;1.29;2.24;;;;;1.39;1.99;2026-10-03 04:53:29;PREMATCH
04.10.2026;17:00;3179824;Ilirija;Beltinci;2026-10-03 00:07:03;2.85;3.06;1.83;1.49;1.81;;;1.67;1.6;;;2026-10-03 04:53:29;PREMATCH
04.10.2026;17:00;3179880;If Karlstad Ii;Ik Tord;2026-10-03 00:07:03;2.06;3.14;2.4;;;;;;;;;2026-10-03 04:53:29;PREMATCH
04.10.2026;17:00;3180480;Örebro Syrians;Haninge;2026-10-03 00:07:03;2.6;3.5;1.81;1.16;2.74;;;;;1.7;1.58;2026-10-03 04:53:29;PREMATCH
04.10.2026;17:00;3246076;Vukovar;Dinamo Zagreb;2026-10-03 00:07:03;15.0;7.65;1.0;1.79;1.51;;;;;1.75;1.53;2026-10-03 04:53:29;PREMATCH
04.10.2026;17:00;3273797;Kirgizistan;Lübnan;2026-10-03 00:07:03;1.72;2.94;3.33;;;;;;;;;2026-10-03 04:53:29;PREMATCH
04.10.2026;17:15;3180676;Sporting Gijon;Celta Vigo Ii;2026-10-03 00:07:03;1.4;3.83;4.94;1.66;1.74;3.64;1.11;1.84;1.58;1.26;2.63;2026-10-03 04:53:29;PREMATCH
04.10.2026;17:30;3179686;Ponferradina;Mirandes;2026-10-03 00:07:03;2.29;2.84;2.3;1.63;1.64;2.61;1.19;1.47;1.85;1.09;3.26;2026-10-03 04:53:29;PREMATCH
04.10.2026;17:30;3179732;Zamora;Cd Coria;2026-10-03 00:07:03;1.47;3.35;4.08;1.56;1.72;3.27;1.09;1.73;1.55;1.21;2.53;2026-10-03 04:53:29;PREMATCH
04.10.2026;18:00;3175273;Oh Leuven (K);La Louvière (K);2026-10-03 00:07:03;1.0;7.25;14.5;1.91;1.44;;;;;1.59;1.68;2026-10-03 04:53:29;PREMATCH
04.10.2026;18:00;3175797;Gornik Leczna;Chojniczanka;2026-10-03 00:07:03;1.69;3.33;3.04;1.33;2.12;3.97;1.0;2.06;1.36;1.37;2.05;2026-10-03 04:53:29;PREMATCH
04.10.2026;18:00;3179344;Atletico Madri;Conquense;2026-10-03 00:07:03;2.89;2.98;1.85;1.58;1.7;;;1.56;1.72;;;2026-10-03 04:53:29;PREMATCH
04.10.2026;18:00;3179432;Ud Logrones Ii;Ue Olot;2026-10-03 00:07:03;2.43;2.71;2.26;1.7;1.58;;;1.4;1.97;;;2026-10-03 04:53:29;PREMATCH
04.10.2026;18:00;3179444;Arnedo;Ebro;2026-10-03 00:07:03;5.66;3.4;1.33;1.91;1.44;;;1.51;1.79;;;2026-10-03 04:53:29;PREMATCH
04.10.2026;18:00;3179455;Marbella;Real Betis Ii;2026-10-03 00:07:03;2.56;2.84;2.08;1.51;1.79;;;1.6;1.67;;;2026-10-03 04:53:29;PREMATCH
04.10.2026;18:00;3179537;Bergantinos;Coruxo;2026-10-03 00:07:03;1.85;2.84;3.05;1.7;1.58;;;1.44;1.9;;;2026-10-03 04:53:29;PREMATCH
04.10.2026;18:00;3179592;Ourense Cf;Arosa;2026-10-03 00:07:03;1.69;2.95;3.44;1.61;1.66;;;1.55;1.73;;;2026-10-03 04:53:29;PREMATCH
04.10.2026;18:00;3179748;Compostela;Real Oviedo Ii;2026-10-03 00:07:03;1.91;2.77;2.97;1.72;1.57;;;1.41;1.95;;;2026-10-03 04:53:29;PREMATCH
04.10.2026;18:00;3179932;Atletico Torde;Salamanca;2026-10-03 00:07:03;2.39;2.83;2.22;1.65;1.63;;;1.45;1.87;;;2026-10-03 04:53:29;PREMATCH
04.10.2026;18:00;3179993;Reddis;Manresa;2026-10-03 00:07:03;1.68;3.07;3.31;1.62;1.65;;;1.56;1.72;;;2026-10-03 04:53:29;PREMATCH
04.10.2026;18:00;3180242;Barbastro;Utebo;2026-10-03 00:07:03;2.08;2.7;2.69;1.66;1.61;;;1.43;1.92;;;2026-10-03 04:53:29;PREMATCH
04.10.2026;18:00;3180320;Gernika;Sestao;2026-10-03 00:07:03;2.37;2.55;2.45;1.82;1.48;2.19;1.3;;;;;2026-10-03 04:53:29;PREMATCH
04.10.2026;18:00;3180482;Osasuna Ii;Calamocha;2026-10-03 00:07:03;1.28;3.56;6.32;1.88;1.44;;;1.58;1.7;;;2026-10-03 04:53:29;PREMATCH
04.10.2026;18:00;3180701;Barcelona (K);Real Madrid (K);2026-10-03 00:07:03;1.0;7.23;10.5;1.74;1.54;;;;;1.58;1.7;2026-10-03 04:53:29;PREMATCH
04.10.2026;18:30;3179521;Man City (K);Arsenal (K);2026-10-03 00:07:03;2.14;3.09;2.32;1.4;1.97;;;1.8;1.5;;;2026-10-03 04:53:29;PREMATCH
04.10.2026;18:30;3180006;Reggiana;Spezia;2026-10-03 00:07:03;2.28;2.86;2.3;1.51;1.78;2.93;1.14;1.58;1.69;1.15;2.84;2026-10-03 04:53:29;PREMATCH
04.10.2026;18:30;3180100;Dolomiti Bellu;Novara;2026-10-03 00:07:03;2.42;2.56;2.39;1.79;1.51;2.26;1.29;1.32;2.14;1.0;3.96;2026-10-03 04:53:29;PREMATCH
04.10.2026;19:00;3179398;Kosova;Avusturya;2026-10-03 00:07:03;3.03;3.13;1.9;1.51;1.95;3.55;1.12;1.79;1.62;1.24;2.7;2026-10-03 04:53:29;PREMATCH
04.10.2026;19:00;3179529;Como (K);Inter Milano (K;2026-10-03 00:07:03;3.96;3.38;1.49;1.5;1.81;;;1.82;1.49;;;2026-10-03 04:53:29;PREMATCH
04.10.2026;19:00;3179692;Malta;Andorra;2026-10-03 00:07:03;1.51;3.12;5.23;2.23;1.37;2.3;1.35;1.35;2.3;1.0;4.64;2026-10-03 04:53:29;PREMATCH
04.10.2026;19:00;3180169;Tudelano;Barcelona B;2026-10-03 00:07:03;3.68;2.85;1.66;1.59;1.69;;;1.57;1.72;;;2026-10-03 04:53:29;PREMATCH
04.10.2026;19:00;3180333;Orihuela;Cieza;2026-10-03 00:07:03;1.78;2.91;3.18;1.63;1.65;;;1.51;1.79;;;2026-10-03 04:53:29;PREMATCH
04.10.2026;19:00;3180344;Terrassa;Girona Ii;2026-10-03 00:07:03;1.65;2.91;3.68;1.7;1.58;;;1.48;1.84;;;2026-10-03 04:53:29;PREMATCH
04.10.2026;19:00;3180517;Triglav Kranj;Jesenice;2026-10-03 00:07:03;1.32;3.87;4.8;1.44;1.89;;;2.06;1.36;1.38;2.0;2026-10-03 04:53:29;PREMATCH
04.10.2026;19:00;3261729;Boston River;Juventud Dl Pie;2026-10-03 00:07:03;2.3;2.94;2.23;1.52;1.77;;;1.59;1.68;;;2026-10-03 04:53:29;PREMATCH
04.10.2026;19:15;3179291;Vilassar De Ma;Europa Ii;2026-10-03 00:07:03;2.23;2.81;2.39;;;;;;;;;2026-10-03 04:53:29;PREMATCH
04.10.2026;19:30;3179629;Atletico Centr;Linares Deporti;2026-10-03 00:07:03;1.94;2.81;2.84;1.67;1.6;;;1.44;1.89;;;2026-10-03 04:53:29;PREMATCH
04.10.2026;19:30;3179971;Nürnberg (K);Hoffenheim (K);2026-10-03 00:07:03;3.1;3.52;1.63;1.24;2.41;;;2.31;1.27;1.55;1.74;2026-10-03 04:53:29;PREMATCH
04.10.2026;19:30;3180063;Castellon;Ceuta;2026-10-03 00:07:03;1.1;6.1;9.45;1.62;1.79;6.04;1.0;2.73;1.23;1.64;1.76;2026-10-03 04:53:29;PREMATCH
04.10.2026;19:30;3180667;Las Palmas;Valladolid;2026-10-03 00:07:03;2.01;2.94;2.95;1.64;1.77;2.98;1.19;1.58;1.84;1.15;3.26;2026-10-03 04:53:29;PREMATCH
04.10.2026;19:45;3179622;Algeciras;Rayo Majadahond;2026-10-03 00:07:03;1.64;2.91;3.74;1.74;1.55;2.56;1.2;1.44;1.88;1.09;3.33;2026-10-03 04:53:29;PREMATCH
04.10.2026;19:45;3180345;Merida Ad;Cacereno;2026-10-03 00:07:03;1.81;3.0;2.96;1.53;1.76;3.0;1.13;1.62;1.65;1.16;2.77;2026-10-03 04:53:29;PREMATCH
04.10.2026;20:00;3179281;Lucena;Atlético Paso;2026-10-03 00:07:03;1.69;2.91;3.47;1.68;1.59;;;1.48;1.83;;;2026-10-03 04:53:29;PREMATCH
04.10.2026;20:30;3180623;Valencia (K);Real Sociedad (;2026-10-03 00:07:03;5.41;3.82;1.29;1.69;1.58;;;1.74;1.54;;;2026-10-03 04:53:29;PREMATCH
04.10.2026;20:30;3223876;Zawisza Bydgos;Olimpia Grudzia;2026-10-03 00:07:03;2.27;3.09;2.18;1.38;2.0;3.56;1.06;1.84;1.47;1.26;2.33;2026-10-03 04:53:29;PREMATCH
04.10.2026;20:45;3180700;Huracan;Aldosivi;2026-10-03 00:07:03;1.57;3.04;4.78;2.14;1.41;2.32;1.34;1.35;2.28;1.0;4.57;2026-10-03 04:53:29;PREMATCH
04.10.2026;21:00;3158689;Agropecuario;Midland;2026-10-03 00:07:03;1.9;2.66;3.12;1.87;1.45;2.19;1.3;1.31;2.16;;;2026-10-03 04:53:29;PREMATCH
04.10.2026;21:00;3175250;Club Comunicac;Flandria;2026-10-03 00:07:03;1.83;2.63;3.38;1.93;1.43;2.14;1.32;;;;;2026-10-03 04:53:29;PREMATCH
04.10.2026;21:00;3175704;Sportivo;Talleres;2026-10-03 00:07:03;2.55;2.46;2.36;2.04;1.37;1.93;1.43;;;;;2026-10-03 04:53:29;PREMATCH
04.10.2026;21:00;3175961;Nuevo;Jj Urquiza;2026-10-03 00:07:03;2.26;2.55;2.58;2.03;1.37;1.95;1.41;;;;;2026-10-03 04:53:29;PREMATCH
04.10.2026;21:00;3176031;Sacachispas;Estrella Del Su;2026-10-03 00:07:03;1.94;2.51;3.23;2.04;1.37;1.97;1.4;;;;;2026-10-03 04:53:29;PREMATCH
04.10.2026;21:00;3176059;C Cordoba;Yupanqui;2026-10-03 00:07:03;1.52;2.97;4.39;1.82;1.49;;;1.43;1.91;;;2026-10-03 04:53:29;PREMATCH
04.10.2026;21:00;3176440;Ca Lugano;A. Rosario;2026-10-03 00:07:03;1.46;2.99;4.87;1.96;1.41;;;1.37;2.01;;;2026-10-03 04:53:29;PREMATCH
04.10.2026;21:00;3179498;Leones Negros;Dorados;2026-10-03 00:07:03;1.34;3.89;4.59;1.44;1.89;;;;;1.37;2.02;2026-10-03 04:53:29;PREMATCH
04.10.2026;21:00;3278008;Misir;Güney Afrika;2026-10-03 00:07:03;1.5;3.05;4.44;;;;;;;;;2026-10-03 04:53:29;PREMATCH
04.10.2026;21:30;3175187;Chacarita Juni;Patronato;2026-10-03 00:07:03;1.76;2.69;3.55;2.02;1.37;2.07;1.36;;;;;2026-10-03 04:53:29;PREMATCH
04.10.2026;21:30;3176057;San Telmo;Almirante;2026-10-03 00:07:03;2.4;2.42;2.55;2.05;1.37;1.91;1.43;;;;;2026-10-03 04:53:29;PREMATCH
04.10.2026;21:30;3179631;Salernitana;Bari;2026-10-03 00:07:03;2.04;2.7;2.76;1.58;1.69;2.71;1.17;1.5;1.81;1.11;3.11;2026-10-03 04:53:29;PREMATCH
04.10.2026;21:30;3179747;Alcione;Trento Calcio 1;2026-10-03 00:07:03;2.78;2.9;1.93;1.57;1.72;2.84;1.15;1.55;1.72;1.13;2.95;2026-10-03 04:53:29;PREMATCH
04.10.2026;21:30;3179986;Rossoblu Poten;Picerno;2026-10-03 00:07:03;1.57;3.14;3.78;1.51;1.79;3.3;1.09;1.72;1.56;1.22;2.5;2026-10-03 04:53:29;PREMATCH
04.10.2026;21:30;3180071;Audace Cerigno;Team Altamura;2026-10-03 00:07:03;1.58;3.08;3.78;1.63;1.65;2.89;1.14;1.58;1.71;1.14;2.89;2026-10-03 04:53:29;PREMATCH
04.10.2026;21:30;3180399;Latina;Ostia Mare Lido;2026-10-03 00:07:03;1.72;2.86;3.44;1.64;1.64;2.74;1.16;1.51;1.79;1.11;3.07;2026-10-03 04:53:29;PREMATCH
04.10.2026;21:45;3179478;Galler;Danimarka;2026-10-03 00:07:03;3.29;3.32;1.75;1.5;1.97;3.74;1.1;1.86;1.57;1.27;2.56;2026-10-03 04:53:29;PREMATCH
04.10.2026;21:45;3179900;Yunanistan;Almanya;2026-10-03 00:07:03;3.45;3.38;1.7;1.46;2.03;4.01;1.08;1.96;1.51;1.31;2.4;2026-10-03 04:53:29;PREMATCH
04.10.2026;21:45;3180154;Hollanda;Sirbistan;2026-10-03 00:07:03;1.0;7.26;14.0;1.85;1.57;6.1;1.0;2.75;1.23;1.65;1.75;2026-10-03 04:53:29;PREMATCH
04.10.2026;21:45;3180547;Portekiz;Norveç;2026-10-03 00:07:03;1.48;3.89;4.1;1.37;2.23;5.17;1.0;2.38;1.32;1.51;1.96;2026-10-03 04:53:29;PREMATCH
04.10.2026;22:00;3179860;Deportivo Past;Fortaleza;2026-10-03 00:07:03;1.9;2.82;2.92;1.71;1.57;;;1.42;1.93;;;2026-10-03 04:53:29;PREMATCH
04.10.2026;22:00;3180425;Zaragoza;Teruel;2026-10-03 00:07:03;1.2;3.96;7.45;2.18;1.31;2.65;1.18;1.5;1.8;1.1;3.19;2026-10-03 04:53:29;PREMATCH
04.10.2026;22:00;3180697;Girona;Mallorca;2026-10-03 00:07:03;2.03;3.09;2.77;1.52;1.93;3.43;1.13;1.74;1.65;1.23;2.79;2026-10-03 04:53:29;PREMATCH
04.10.2026;22:00;3261704;Cerro;Montevideo Wand;2026-10-03 00:07:03;2.54;2.83;2.11;1.73;1.55;;;1.39;1.98;;;2026-10-03 04:53:29;PREMATCH
04.10.2026;22:00;3277994;Gimnasia La Pl;Banfield (K);2026-10-03 00:07:03;2.45;2.76;2.21;1.72;1.57;;;1.39;1.98;;;2026-10-03 04:53:29;PREMATCH
04.10.2026;22:30;3175269;Central Norte;R Cordoba;2026-10-03 00:07:03;1.71;2.58;3.98;2.18;1.31;1.93;1.42;;;;;2026-10-03 04:53:29;PREMATCH
04.10.2026;23:00;3175230;Supra Du Quebe;Pacific Fc;2026-10-03 00:07:03;1.42;3.71;4.03;1.34;2.09;;;2.24;1.29;1.44;1.88;2026-10-03 04:53:29;PREMATCH
04.10.2026;23:00;3175951;Club Atletico ;Colegiales;2026-10-03 00:07:03;3.08;2.66;1.92;2.0;1.38;2.04;1.37;;;;;2026-10-03 04:53:29;PREMATCH
04.10.2026;23:00;3176797;San Martin Sj;Almagro;2026-10-03 00:07:03;1.45;3.07;4.77;2.11;1.34;;;1.31;2.16;;;2026-10-03 04:53:29;PREMATCH
04.10.2026;23:00;3177020;Chaco For Ever;D Belgrano;2026-10-03 00:07:03;1.81;2.57;3.54;2.14;1.33;1.93;1.42;;;;;2026-10-03 04:53:29;PREMATCH
04.10.2026;23:00;3180629;Talleres;Belgrano;2026-10-03 00:07:03;2.29;2.77;2.63;1.89;1.54;2.36;1.33;1.37;2.26;1.05;4.46;2026-10-03 04:53:29;PREMATCH
04.10.2026;23:30;3158900;Rafaela;Atlanta;2026-10-03 00:07:03;2.31;2.43;2.63;2.12;1.33;1.85;1.47;;;;;2026-10-03 04:53:29;PREMATCH
04.10.2026;23:30;3234526;Montego Bay Un;Dunbeholden;2026-10-03 00:07:03;1.19;4.16;7.18;1.74;1.54;;;1.86;1.45;;;2026-10-03 04:53:29;PREMATCH
04.10.2026;23:30;3234577;Treasure Beach;Humble Lions;2026-10-03 00:07:03;1.39;3.5;4.57;1.49;1.81;;;1.91;1.44;;;2026-10-03 04:53:29;PREMATCH
29.09.2026;20:00;3225558;Unterhaching;Buchbach;2026-09-29 19:28:12;1.54;3.82;3.2;1.19;2.61;;;;;1.71;1.58;2026-09-29 23:52:53;BASLADI
29.09.2026;20:00;3228212;Huesca (K);Osasuna (K);2026-09-29 19:28:12;8.41;4.68;1.12;1.91;1.43;;;1.84;1.48;;;2026-09-29 23:52:53;BASLADI
29.09.2026;20:15;3234438;Markhiya;Al Ahli;2026-09-29 19:28:12;3.73;3.61;1.48;1.47;1.84;3.61;1.06;1.88;1.44;1.27;2.29;2026-09-29 23:52:53;BASLADI
29.09.2026;20:15;3234463;Al Waab;Lusail City;2026-09-29 19:28:12;3.12;3.22;1.69;1.47;1.84;3.33;1.09;1.76;1.53;1.22;2.48;2026-09-29 23:52:53;BASLADI
29.09.2026;20:30;3166379;Umman;Kuveyt;2026-09-29 19:28:12;1.44;3.25;4.52;1.81;1.5;2.65;1.18;1.49;1.81;1.1;3.19;2026-09-29 23:52:53;BASLADI
29.09.2026;20:30;3166445;Suudi Arabista;Irak;2026-09-29 19:28:12;2.09;2.66;2.71;1.85;1.47;2.19;1.3;1.3;2.19;1.0;4.13;2026-09-29 23:52:53;BASLADI
29.09.2026;21:00;3166424;İrlanda Cumhur;Kazakistan (U21;2026-09-29 19:28:12;1.07;5.37;9.76;1.87;1.45;4.04;1.0;2.07;1.36;1.35;2.07;2026-09-29 23:52:53;BASLADI
29.09.2026;21:00;3166425;Boreham Wood;Kidderminster;2026-09-29 19:28:12;1.2;4.45;6.16;1.53;1.76;4.34;1.0;2.18;1.31;1.41;1.95;2026-09-29 23:52:53;BASLADI
29.09.2026;21:00;3166465;Belçika (U21);Galler (U21);2026-09-29 19:28:12;1.0;6.11;11.7;1.91;1.43;;;2.24;1.29;1.44;1.91;2026-09-29 23:52:53;BASLADI
29.09.2026;21:15;3225579;Fk Union Carl ;Kfum Ii;2026-09-29 19:28:12;1.33;4.59;3.93;1.13;2.97;;;;;;;2026-09-29 23:52:53;BASLADI
29.09.2026;21:30;3166400;Wimborne Town;Yate Town;2026-09-29 19:28:12;1.8;2.91;3.08;1.57;1.72;;;1.58;1.71;;;2026-09-29 23:52:53;BASLADI
29.09.2026;21:45;3166383;Bulgaristan;Estonya;2026-09-29 19:28:12;1.68;2.99;4.04;1.98;1.49;2.44;1.3;1.39;2.18;1.06;4.24;2026-09-29 23:52:53;BASLADI
29.09.2026;21:45;3166392;Slovakya;Kazakistan;2026-09-29 19:28:12;1.07;6.2;13.25;2.15;1.4;4.35;1.06;2.11;1.43;1.37;2.24;2026-09-29 23:52:53;BASLADI
29.09.2026;21:45;3166393;Halifax;Boston United;2026-09-29 19:28:12;1.8;3.13;2.85;1.41;1.95;3.53;1.07;1.82;1.49;1.25;2.35;2026-09-29 23:52:53;BASLADI
29.09.2026;21:45;3166394;Havant And W.;Hanwell;2026-09-29 19:28:12;2.02;3.11;2.46;1.34;2.1;;;1.94;1.41;;;2026-09-29 23:52:53;BASLADI
29.09.2026;21:45;3166397;Alvechurch;Stourbridge;2026-09-29 19:28:12;1.65;3.16;3.33;1.46;1.86;;;1.78;1.52;;;2026-09-29 23:52:53;BASLADI
29.09.2026;21:45;3166405;Chertsey Town;Poole Town;2026-09-29 19:28:12;1.82;3.19;2.78;1.34;2.11;;;1.99;1.39;;;2026-09-29 23:52:53;BASLADI
29.09.2026;21:45;3166415;Needham Market;Stamford;2026-09-29 19:28:12;1.19;4.37;6.62;1.65;1.62;;;1.98;1.4;;;2026-09-29 23:52:53;BASLADI
29.09.2026;21:45;3166423;Cardiff Mu;Haverfordwest;2026-09-29 19:28:12;2.0;2.99;2.58;1.45;1.87;3.25;1.09;1.71;1.57;1.21;2.55;2026-09-29 23:52:53;BASLADI
29.09.2026;21:45;3166428;San Marino;Arnavutluk;2026-09-29 19:28:12;17.5;14.6;1.0;3.65;1.11;6.0;1.0;2.71;1.23;1.64;1.77;2026-09-29 23:52:53;BASLADI
29.09.2026;21:45;3166430;Hitchin Town;Leighton Town;2026-09-29 19:28:12;2.3;2.91;2.26;1.44;1.89;;;1.7;1.58;;;2026-09-29 23:52:53;BASLADI
29.09.2026;21:45;3166432;Uxbridge;Basingstoke;2026-09-29 19:28:12;1.51;3.4;3.72;1.42;1.93;;;1.93;1.42;;;2026-09-29 23:52:53;BASLADI
29.09.2026;21:45;3166434;Afc Fylde;Carlisle;2026-09-29 19:28:12;2.05;3.3;2.32;1.23;2.43;4.77;1.0;2.33;1.26;1.5;1.81;2026-09-29 23:52:53;BASLADI
29.09.2026;21:45;3166438;Yeovil;Worthing;2026-09-29 19:28:12;1.93;3.26;2.51;1.29;2.26;4.32;1.0;2.14;1.32;1.41;1.96;2026-09-29 23:52:53;BASLADI
29.09.2026;21:45;3166454;Hornchurch;Aldershot;2026-09-29 19:28:12;1.85;3.13;2.77;1.39;1.99;3.61;1.06;1.86;1.46;1.27;2.28;2026-09-29 23:52:53;BASLADI
29.09.2026;21:45;3166455;Halesowen Town;Rushall Olympic;2026-09-29 19:28:12;1.93;3.23;2.53;1.39;1.99;;;1.86;1.45;;;2026-09-29 23:52:53;BASLADI
29.09.2026;21:45;3166458;Gateshead;Altrincham;2026-09-29 19:28:12;4.14;3.62;1.42;1.48;1.83;3.72;1.05;1.92;1.43;1.3;2.23;2026-09-29 23:52:53;BASLADI
29.09.2026;21:45;3166464;Barrow;Scunthorpe;2026-09-29 19:28:12;1.87;3.22;2.65;1.33;2.13;3.97;1.0;2.0;1.38;1.34;2.1;2026-09-29 23:52:53;BASLADI
29.09.2026;21:45;3166473;Forest Green;Wealdstone;2026-09-29 19:28:12;1.56;3.5;3.39;1.29;2.24;4.65;1.0;2.28;1.28;1.47;1.85;2026-09-29 23:52:53;BASLADI
29.09.2026;21:45;3166476;Bishops Stortf;Bury Town;2026-09-29 19:28:12;3.0;3.19;1.73;1.45;1.88;;;1.78;1.51;;;2026-09-29 23:52:53;BASLADI
29.09.2026;21:45;3166484;Sholing;Berkhamsted;2026-09-29 19:28:12;1.95;2.98;2.67;1.45;1.86;;;1.7;1.58;;;2026-09-29 23:52:53;BASLADI
29.09.2026;21:45;3166486;Hanworth Villa;Chichester City;2026-09-29 19:28:12;1.76;3.26;2.88;1.3;2.18;;;2.0;1.38;1.38;2.0;2026-09-29 23:52:53;BASLADI
29.09.2026;21:45;3166489;Kettering;Anstey Nomads;2026-09-29 19:28:12;2.05;3.16;2.4;1.41;1.95;;;1.81;1.5;;;2026-09-29 23:52:53;BASLADI
29.09.2026;21:45;3166490;İspanya;Hirvatistan;2026-09-29 19:28:12;1.11;5.97;9.28;1.66;1.74;5.65;1.0;2.59;1.27;1.58;1.84;2026-09-29 23:52:53;BASLADI
29.09.2026;21:45;3166493;Bath City;Malvern Town;2026-09-29 19:28:12;1.29;3.98;5.15;1.45;1.87;;;;;1.4;1.96;2026-09-29 23:52:53;BASLADI
29.09.2026;21:45;3166507;Slovenya;K. Makedonya;2026-09-29 19:28:12;1.26;3.83;8.24;2.57;1.27;2.44;1.3;1.4;2.15;1.06;4.24;2026-09-29 23:52:53;BASLADI
29.09.2026;21:45;3166508;Lüksemburg;İzlanda;2026-09-29 19:28:12;3.13;2.98;1.92;1.7;1.7;2.84;1.21;1.54;1.9;1.13;3.46;2026-09-29 23:52:53;BASLADI
29.09.2026;21:45;3166515;Banbury United;Stratford Town;2026-09-29 19:28:12;1.67;2.95;3.49;1.56;1.72;;;1.61;1.66;;;2026-09-29 23:52:53;BASLADI
29.09.2026;21:45;3166517;Real Bedford;Leiston;2026-09-29 19:28:12;1.24;4.21;5.55;1.41;1.96;;;;;1.51;1.79;2026-09-29 23:52:53;BASLADI
29.09.2026;21:45;3166521;Woking;Solihull Moors;2026-09-29 19:28:12;1.67;3.28;3.13;1.35;2.08;4.03;1.0;2.02;1.37;1.35;2.07;2026-09-29 23:52:53;BASLADI
29.09.2026;21:45;3166522;Hartlepool;Harrogate;2026-09-29 19:28:12;3.04;3.2;1.72;1.37;2.02;3.79;1.0;1.93;1.42;1.3;2.19;2026-09-29 23:52:53;BASLADI
29.09.2026;21:45;3166526;Racing Club Wa;Worcester City;2026-09-29 19:28:12;2.11;3.02;2.4;1.44;1.88;;;1.72;1.56;;;2026-09-29 23:52:53;BASLADI
29.09.2026;21:45;3166527;İskoçya;İsviçre;2026-09-29 19:28:12;3.82;3.06;1.7;1.85;1.58;2.65;1.25;1.47;2.01;1.09;3.79;2026-09-29 23:52:53;BASLADI
29.09.2026;21:45;3166530;Evesham United;Chippenham Town;2026-09-29 19:28:12;2.12;3.03;2.39;1.4;1.97;;;1.79;1.51;;;2026-09-29 23:52:53;BASLADI
29.09.2026;21:45;3166535;Gloucester Cit;Plymouth Parkwa;2026-09-29 19:28:12;1.79;3.25;2.82;1.32;2.15;;;2.03;1.37;1.37;2.04;2026-09-29 23:52:53;BASLADI
29.09.2026;21:45;3166538;Çekya;İngiltere;2026-09-29 19:28:12;8.23;5.16;1.16;1.75;1.65;4.57;1.0;2.19;1.39;1.41;2.15;2026-09-29 23:52:53;BASLADI
29.09.2026;21:45;3166550;Peterborough S;Redditch United;2026-09-29 19:28:12;1.81;3.19;2.78;1.37;2.04;;;1.93;1.43;;;2026-09-29 23:52:53;BASLADI
29.09.2026;21:45;3166575;Bromsgrove Spo;Leamington;2026-09-29 19:28:12;1.37;3.66;4.63;1.52;1.77;;;1.88;1.44;;;2026-09-29 23:52:53;BASLADI
29.09.2026;21:45;3193423;Forfar;Formartine Unit;2026-09-29 19:28:12;2.11;3.23;2.28;1.39;1.99;;;1.86;1.46;1.37;2.02;2026-09-29 23:52:53;BASLADI
29.09.2026;21:45;3204031;Brackley Town;Gateshead(South;2026-09-29 19:28:12;3.28;3.23;1.65;1.44;1.88;3.49;1.07;1.81;1.49;1.25;2.37;2026-09-29 23:52:53;BASLADI
29.09.2026;21:45;3234450;Afc Emley;Workington;2026-09-29 19:28:12;2.36;3.11;2.09;1.33;2.12;;;1.96;1.4;;;2026-09-29 23:52:53;BASLADI
29.09.2026;21:45;3241240;Alfreton;Guiseley;2026-09-29 19:28:12;2.25;3.17;2.16;1.38;2.0;;;1.86;1.46;;;2026-09-29 23:52:53;BASLADI
29.09.2026;21:45;3243425;Slough Town;Ebbsfleet;2026-09-29 19:28:12;5.16;4.09;1.28;1.48;1.84;;;2.12;1.33;1.38;2.0;2026-09-29 23:52:53;BASLADI
29.09.2026;21:45;3247627;Ilkeston Town;Rylands;2026-09-29 19:28:12;2.81;3.26;1.79;1.44;1.91;;;1.8;1.5;;;2026-09-29 23:52:53;BASLADI
29.09.2026;21:45;3247628;Whitby Town;Lancaster City;2026-09-29 19:28:12;2.64;3.15;1.9;1.44;1.9;;;1.77;1.52;;;2026-09-29 23:52:53;BASLADI
29.09.2026;21:45;3247629;Dulwich Hamlet;Aveley;2026-09-29 19:28:12;2.14;3.15;2.29;1.31;2.17;;;2.01;1.37;1.39;1.98;2026-09-29 23:52:53;BASLADI
29.09.2026;21:45;3247634;Maldon And Tip;Cray Wanderers;2026-09-29 19:28:12;2.84;3.23;1.79;1.3;2.19;;;2.04;1.37;1.38;2.0;2026-09-29 23:52:53;BASLADI
29.09.2026;21:45;3250317;Dartford;Whitehawk;2026-09-29 19:28:12;1.24;4.27;5.38;1.47;1.84;;;;;1.41;1.94;2026-09-29 23:52:53;BASLADI
29.09.2026;22:00;3166466;Ingiliz Virgin;Turks Ve Caicos;2026-09-29 19:28:12;2.61;3.2;1.9;1.34;2.09;;;1.97;1.4;;;2026-09-29 23:52:53;BASLADI
29.09.2026;22:00;3208025;Kongo;Kamerun;2026-09-29 19:28:12;4.73;3.26;1.42;1.86;1.45;2.57;1.2;1.46;1.86;1.09;3.31;2026-09-29 23:52:53;BASLADI
29.09.2026;22:00;3208039;Gabon;Nijer;2026-09-29 19:28:12;1.38;3.26;5.18;1.96;1.4;2.49;1.22;1.43;1.92;1.07;3.46;2026-09-29 23:52:53;BASLADI
29.09.2026;22:00;3208048;Liberya;Mali;2026-09-29 19:28:12;5.76;3.46;1.31;2.02;1.37;2.54;1.21;1.44;1.88;1.08;3.38;2026-09-29 23:52:53;BASLADI
29.09.2026;22:00;3208078;Somali;Fildişi Sahili;2026-09-29 19:28:12;17.5;9.14;1.0;;;;;3.01;1.12;1.79;1.51;2026-09-29 23:52:53;BASLADI
29.09.2026;22:00;3208094;Benin;Moritanya;2026-09-29 19:28:12;2.2;2.42;2.84;2.05;1.36;1.92;1.43;1.2;2.59;;;2026-09-29 23:52:53;BASLADI
29.09.2026;22:15;3257929;Rio Ave U23;Penafiel U23;2026-09-29 19:28:12;1.56;3.31;3.6;1.47;1.84;;;1.81;1.5;;;2026-09-29 23:52:53;BASLADI
29.09.2026;23:30;3221785;Pereira;Santa Fe;2026-09-29 19:28:12;3.33;3.2;1.64;1.45;1.87;;;1.79;1.51;;;2026-09-29 23:52:53;BASLADI
30.09.2026;00:00;3164911;Fransiz Guyana;Sint Maarten;2026-09-29 19:28:13;1.72;3.26;2.98;1.39;1.98;3.68;1.05;1.89;1.44;1.29;2.25;2026-09-29 22:31:16;LISTEDE_YOK
30.09.2026;00:00;3166398;Balboa;Cacahuatique;2026-09-29 19:28:13;1.96;2.78;2.83;1.62;1.65;;;1.48;1.83;;;2026-09-30 09:00:10;BASLADI
30.09.2026;00:00;3269954;Puerto Montt;Colo Colo;2026-09-29 19:28:13;5.13;3.71;1.32;1.67;1.6;;;1.72;1.56;;;2026-09-30 09:00:10;BASLADI
30.09.2026;01:30;3159252;Botafogo Ribei;Ponte Preta;2026-09-29 19:28:13;1.07;5.16;10.65;2.14;1.32;3.42;1.08;1.8;1.5;1.23;2.42;2026-09-30 09:00:10;BASLADI
30.09.2026;02:00;3166567;Union Magdalen;Real Cartagena;2026-09-29 19:28:13;1.98;2.86;2.72;1.63;1.65;;;1.49;1.82;;;2026-09-30 09:00:10;BASLADI
30.09.2026;03:00;3168818;Abd;Şili;2026-09-29 19:28:13;1.28;3.86;5.5;1.65;1.63;3.47;1.07;1.82;1.49;1.24;2.38;2026-09-30 09:00:10;BASLADI
30.09.2026;04:05;3215662;Independiente ;Los Millionario;2026-09-29 19:28:13;1.94;2.88;2.77;1.54;1.74;;;1.58;1.7;;;2026-09-30 09:00:10;BASLADI
30.09.2026;05:00;3164894;Belize;Saint Vincent V;2026-09-29 19:28:13;2.29;2.95;2.23;1.55;1.74;2.86;1.15;1.57;1.71;1.14;2.91;2026-09-29 22:31:16;LISTEDE_YOK
30.09.2026;05:30;3201891;Meksika;Peru;2026-09-29 19:28:13;1.34;3.32;5.82;2.08;1.35;2.42;1.23;1.4;1.97;1.06;3.61;2026-09-30 09:00:10;BASLADI
30.09.2026;09:00;3268619;Guney Kore U23;Çin U23;2026-09-29 19:28:13;1.09;4.89;9.58;2.05;1.36;3.4;1.08;1.8;1.5;1.23;2.43;2026-09-30 23:46:05;BASLADI
30.09.2026;12:00;3260483;Dogu Timor;Kamboçya;2026-09-29 19:28:13;5.78;3.96;1.25;1.68;1.59;;;1.81;1.49;;;2026-09-30 05:24:07;LISTEDE_YOK
30.09.2026;13:30;3268226;Özbekistan U23;Japonya U23;2026-09-29 19:28:13;3.91;3.07;1.56;1.68;1.59;2.77;1.16;1.53;1.76;1.12;3.04;2026-09-30 23:46:05;BASLADI
30.09.2026;15:00;3260082;Brunei;Hong Kong;2026-09-30 07:37:51;17.5;15.85;1.0;;;;;;;;;2026-09-30 07:56:33;LISTEDE_YOK
30.09.2026;16:30;3234481;Fc Vsetin;Bohemians 1905;2026-09-29 19:28:13;17.5;9.28;1.0;2.27;1.28;;;;;1.58;1.69;2026-09-30 23:46:05;BASLADI
30.09.2026;17:00;3201896;Follo;Sarpsborg;2026-09-29 19:28:13;14.2;8.52;1.0;;;;;;;;;2026-09-30 23:46:05;BASLADI
30.09.2026;18:00;3204034;Sporting Lagos;Ikorodu City;2026-09-29 19:28:13;1.97;2.78;2.82;1.74;1.54;;;1.39;1.99;;;2026-09-30 23:46:05;BASLADI
30.09.2026;18:00;3228216;Burgos (K);Cacereno (K);2026-09-29 19:28:13;3.31;3.12;1.67;;;;;;;;;2026-09-30 23:46:05;BASLADI
30.09.2026;18:00;3234452;Enyimba Inter;Shooting Stars;2026-09-29 19:28:13;1.37;3.21;5.64;2.12;1.33;;;1.37;2.05;;;2026-09-30 23:46:05;BASLADI
30.09.2026;18:00;3234488;Katsina United;Rivers United;2026-09-30 11:23:45;1.95;2.61;3.05;1.93;1.42;2.09;1.34;;;;;2026-09-30 23:46:05;BASLADI
30.09.2026;18:00;3257942;Medeama;Port City;2026-09-29 19:28:13;1.4;3.18;5.15;;;;;;;;;2026-09-30 23:46:05;BASLADI
30.09.2026;18:30;3228195;Celta De Vigo ;Oviedo Moderno ;2026-09-29 19:28:13;2.81;3.19;1.81;;;;;;;;;2026-09-30 23:46:05;BASLADI
30.09.2026;19:00;3168601;Polonya (U21);İsveç (U21);2026-09-29 19:28:13;1.44;3.48;4.16;1.51;1.79;3.54;1.06;1.84;1.47;1.26;2.33;2026-09-30 23:46:05;BASLADI
30.09.2026;19:00;3168650;Romanya (U21);Finlandiya (U21;2026-09-29 19:28:13;2.13;2.98;2.4;1.46;1.86;3.18;1.1;1.68;1.59;1.19;2.61;2026-09-30 23:46:05;BASLADI
30.09.2026;19:00;3168655;Faroe Adalari ;Lüksemburg (U21;2026-09-29 19:28:13;1.89;2.8;2.98;1.7;1.58;2.51;1.22;1.43;1.92;1.08;3.43;2026-09-30 23:46:05;BASLADI
30.09.2026;19:00;3168770;Çek Cumhuriyet;Bulgaristan U21;2026-09-29 19:28:13;1.28;3.68;5.88;2.03;1.37;2.59;1.2;1.47;1.84;1.09;3.3;2026-09-30 23:46:05;BASLADI
30.09.2026;19:00;3168776;Malta (U21);Almanya (U21);2026-09-29 19:28:13;17.5;17.5;1.0;;;;;;;;;2026-09-30 23:46:05;BASLADI
30.09.2026;19:00;3201893;Honefoss;Kfum Oslo;2026-09-30 08:45:03;4.69;4.69;1.26;;;;;;;;;2026-09-30 23:46:05;BASLADI
30.09.2026;19:00;3208081;Eritrea;Güney Afrika;2026-09-29 19:28:13;8.28;5.27;1.09;1.7;1.58;;;2.2;1.3;1.41;1.95;2026-09-30 23:46:05;BASLADI
30.09.2026;19:00;3228203;Sporting De Hu;Cordoba (K);2026-09-29 19:28:13;1.51;3.32;3.92;;;;;;;;;2026-09-30 23:46:05;BASLADI
30.09.2026;19:00;3228206;Levante (K);Alhama (K);2026-09-29 19:28:13;2.22;3.11;2.22;;;;;;;;;2026-09-30 23:46:05;BASLADI
30.09.2026;19:00;3229816;Litvanya;Andorra;2026-09-29 19:28:13;1.47;3.01;4.71;2.18;1.31;2.11;1.34;1.28;2.27;;;2026-09-30 23:46:05;BASLADI
30.09.2026;19:30;3273260;Portekiz (U19);Hollanda (U19);2026-09-30 12:57:53;1.92;3.36;2.49;1.23;2.44;;;;;1.51;1.79;2026-09-30 23:46:05;BASLADI
30.09.2026;19:45;3208028;Paris (K);Arsenal (K);2026-09-29 19:28:13;6.27;3.92;1.23;1.65;1.62;3.64;1.06;1.87;1.45;1.28;2.28;2026-09-30 23:46:05;BASLADI
30.09.2026;19:45;3208038;Roma (K);Barcelona (K);2026-09-29 19:28:13;17.5;10.5;1.0;;;;;;;2.75;1.16;2026-09-30 23:46:05;BASLADI
30.09.2026;19:45;3208087;Hacken (K);Juventus (K);2026-09-29 19:28:13;2.1;3.07;2.38;1.37;2.01;3.6;1.06;1.85;1.47;1.27;2.3;2026-09-30 23:46:05;BASLADI
30.09.2026;20:00;3168625;Umea Fc Akadem;Ifk Umea;2026-09-30 09:23:34;1.27;4.38;4.81;1.28;2.27;;;;;1.7;1.58;2026-09-30 23:46:05;BASLADI
30.09.2026;20:00;3168687;Kosova (U21);G.Kibris (U21);2026-09-29 19:28:13;1.1;5.15;8.42;1.72;1.56;;;2.14;1.32;1.39;1.99;2026-09-30 23:46:05;BASLADI
30.09.2026;20:30;3168736;Bahreyn;Yemen;2026-09-29 19:28:13;1.44;3.3;4.46;1.8;1.5;2.66;1.18;1.5;1.8;1.1;3.18;2026-09-30 23:46:05;BASLADI
30.09.2026;20:30;3168793;Birlesik Arap ;Katar;2026-09-29 19:28:13;1.86;2.89;2.96;1.69;1.58;2.55;1.21;1.44;1.88;1.09;3.35;2026-09-30 23:46:05;BASLADI
30.09.2026;20:30;3228211;Europa (K);Villarreal (K);2026-09-29 19:28:13;3.12;3.12;1.72;;;;;;;;;2026-09-30 23:46:05;BASLADI
30.09.2026;20:30;3268723;Sestao;Terrassa;2026-09-29 19:28:13;1.64;2.9;3.74;;;;;;;;;2026-09-30 23:46:05;BASLADI
30.09.2026;21:00;3168825;Fc Kreuzlingen;Bruhl;2026-09-29 19:28:13;3.0;3.43;1.67;1.27;2.31;;;;;1.48;1.83;2026-09-30 23:46:05;BASLADI
30.09.2026;21:00;3268758;Navalcarnero;Murcia;2026-09-29 19:28:13;3.13;3.15;1.71;;;;;;;;;2026-09-30 23:46:05;BASLADI
30.09.2026;21:30;3168735;İskoçya (U21);Azerbaycan (U21;2026-09-29 19:28:13;1.0;6.34;11.7;1.79;1.51;;;2.47;1.23;1.53;1.75;2026-09-30 23:46:05;BASLADI
30.09.2026;21:45;3168626;Gosport Boroug;Bracknell Town;2026-09-29 19:28:13;1.86;3.24;2.65;1.35;2.07;;;1.96;1.4;;;2026-09-30 23:46:05;BASLADI
30.09.2026;21:45;3168649;Eastleigh;Southend;2026-09-29 19:28:13;3.48;3.4;1.56;1.42;1.94;3.76;1.0;1.93;1.42;1.3;2.21;2026-09-30 23:46:05;BASLADI
30.09.2026;21:45;3168754;Tamworth;Sutton United;2026-09-29 19:28:13;2.0;3.2;2.44;1.37;2.05;3.72;1.05;1.91;1.44;1.3;2.23;2026-09-30 23:46:05;BASLADI
30.09.2026;21:45;3168764;Frome Town;Taunton Town;2026-09-29 19:28:13;1.67;3.29;3.12;1.33;2.13;;;;;1.37;2.03;2026-09-30 23:46:05;BASLADI
30.09.2026;21:45;3250296;Afc Whyteleafe;Brentwood Town;2026-09-29 19:28:13;2.65;3.41;1.81;1.3;2.18;;;2.0;1.38;1.38;2.0;2026-09-30 23:46:05;BASLADI
30.09.2026;22:00;3168819;Portekiz (U21);Cebelitarık U21;2026-09-29 23:52:55;1.0;17.5;17.5;;;;;;;;;2026-09-30 23:46:05;BASLADI
30.09.2026;22:00;3208082;Lyon (K);Chelsea (K);2026-09-29 19:28:13;1.23;4.2;5.69;1.51;1.79;3.97;1.0;2.12;1.33;1.38;2.0;2026-09-30 23:46:05;BASLADI
30.09.2026;22:00;3210658;Benfica (K);Bayern München ;2026-09-29 19:28:13;8.47;5.53;1.09;1.59;1.69;3.95;1.0;2.48;1.22;1.54;1.74;2026-09-30 23:46:05;BASLADI
30.09.2026;22:00;3221757;Defensor Sport;Plaza Colonia;2026-09-29 19:28:13;1.54;2.98;4.24;2.0;1.38;;;1.33;2.12;;;2026-09-30 23:46:05;BASLADI
30.09.2026;22:00;3221773;Cerro Largo;Rentistas;2026-09-29 19:28:13;1.53;2.98;4.26;1.82;1.49;;;1.43;1.92;;;2026-09-30 23:46:05;BASLADI
30.09.2026;22:00;3228209;Samper (K);Cd Getafe (K);2026-09-29 19:28:13;2.37;3.12;2.09;;;;;;;;;2026-09-30 23:46:05;BASLADI
30.09.2026;23:00;3198100;Cienciano;Chankas Cyc;2026-09-29 19:28:13;1.23;4.35;5.62;1.46;1.86;;;2.21;1.3;1.45;1.87;2026-09-30 23:46:05;BASLADI
30.09.2026;23:00;3225563;Indep Cambo Gr;Nacional Asunci;2026-09-29 19:28:13;3.81;3.25;1.53;1.51;1.78;;;1.74;1.54;;;2026-09-30 23:46:05;BASLADI
